Name,"Modified Time","Change Time","Access Time","Created Time",Size,"Flags(Dir)","Flags(Meta)",Known,Location,"MD5 Hash","SHA-256 Hash","MIME Type",Extension
"[current folder]","2009-11-17 11:41:40 UTC","0000-00-00 00:00:00","2009-11-18 00:00:00 UTC","2009-11-18 04:36:29 UTC",4096,Allocated,Allocated,unknown,"/img_jo-favorites-usb-2009-12-11.E01/vol_vol2/HighQuality/.",,,,
"[parent folder]","0000-00-00 00:00:00","0000-00-00 00:00:00","0000-00-00 00:00:00","0000-00-00 00:00:00",4096,Allocated,Allocated,unknown,"/img_jo-favorites-usb-2009-12-11.E01/vol_vol2/HighQuality/..",,,,
DSC00003.JPG,"2009-11-05 22:22:56 UTC","0000-00-00 00:00:00","2009-11-24 00:00:00 UTC","2009-11-18 04:35:13 UTC",1549288,Allocated,Allocated,unknown,"/img_jo-favorites-usb-2009-12-11.E01/vol_vol2/HighQuality/DSC00003.JPG","1dd00f2e51aeebe7541cea4ade2e20b5","cb06d353b99e6f41043f31e5a0cfd3c982897579e9ac8b986bebe83fbcc7e4ad",image/jpeg,jpg
DSC00004.JPG,"2009-11-05 22:23:12 UTC","0000-00-00 00:00:00","2009-11-24 00:00:00 UTC","2009-11-18 04:35:15 UTC",1501533,Allocated,Allocated,unknown,"/img_jo-favorites-usb-2009-12-11.E01/vol_vol2/HighQuality/DSC00004.JPG","6af8563ce22a5583d05e0bfd08dd0c45","9f782ed66a3e66c25d84ef69b232c46284a56b95ef86da7b785fbff6d15a9379",image/jpeg,jpg
DSC00005.JPG,"2009-11-08 11:15:06 UTC","0000-00-00 00:00:00","2009-11-24 00:00:00 UTC","2009-11-18 04:35:15 UTC",470934,Allocated,Allocated,unknown,"/img_jo-favorites-usb-2009-12-11.E01/vol_vol2/HighQuality/DSC00005.JPG","f8cf8a0bcba85dabd154d6b68cd42faa","4b92b3589fe9a9b6d12a256480abbd8b91a1ffec8d87404b78310cea689b1d7f",image/jpeg,jpg
DSC00006.JPG,"2009-11-08 11:15:18 UTC","0000-00-00 00:00:00","2009-11-24 00:00:00 UTC","2009-11-18 04:35:16 UTC",430531,Allocated,Allocated,unknown,"/img_jo-favorites-usb-2009-12-11.E01/vol_vol2/HighQuality/DSC00006.JPG","b1230dac0bf7d83f49689c2fd0780e5c","ba2c0b09b284d6ca556e7974888c1e1dad8eff8bd688a2057630cb634dc75c39",image/jpeg,jpg
DSC00007.JPG,"2009-11-08 11:15:40 UTC","0000-00-00 00:00:00","2009-11-24 00:00:00 UTC","2009-11-18 04:35:17 UTC",671474,Allocated,Allocated,unknown,"/img_jo-favorites-usb-2009-12-11.E01/vol_vol2/HighQuality/DSC00007.JPG","f90ec99b6526d2cb9af28b3b9dc11ccd","8ed631016aa0eb34fe24b0222b5e31b5275212cabdb6b55f067e90248dde464e",image/jpeg,jpg
DSC00008.JPG,"2009-11-08 11:15:44 UTC","0000-00-00 00:00:00","2009-11-24 00:00:00 UTC","2009-11-18 04:35:18 UTC",682666,Allocated,Allocated,unknown,"/img_jo-favorites-usb-2009-12-11.E01/vol_vol2/HighQuality/DSC00008.JPG","24e75f2c16005106b48727f585907505","4c193c6c3ff0b0c3f04d7cb4001ad6437f1c817b92da2e863a1459e9681d7cf2",image/jpeg,jpg
DSC00009.JPG,"2009-11-08 11:15:52 UTC","0000-00-00 00:00:00","2009-11-24 00:00:00 UTC","2009-11-18 04:35:18 UTC",651471,Allocated,Allocated,unknown,"/img_jo-favorites-usb-2009-12-11.E01/vol_vol2/HighQuality/DSC00009.JPG","5461e5442ef570b8cf5df6aecfc810d5","9e4a3526903e6ede4878f65dd112db327ce0996a80f19a8eeed8a27468b8cef3",image/jpeg,jpg
DSC00010.JPG,"2009-11-08 11:16:02 UTC","0000-00-00 00:00:00","2009-11-24 00:00:00 UTC","2009-11-18 04:35:20 UTC",707437,Allocated,Allocated,unknown,"/img_jo-favorites-usb-2009-12-11.E01/vol_vol2/HighQuality/DSC00010.JPG","f99b749cbffd302e0bb6ad978cd9fa37","27f706bf45d7472f0c8167ee8a6a0bde9ca60677d03fcea4f679b4c68f2e099e",image/jpeg,jpg
DSC00011.JPG,"2009-11-08 11:16:18 UTC","0000-00-00 00:00:00","2009-11-24 00:00:00 UTC","2009-11-18 04:35:21 UTC",583681,Allocated,Allocated,unknown,"/img_jo-favorites-usb-2009-12-11.E01/vol_vol2/HighQuality/DSC00011.JPG","acf7540e7b25b6615acb9fe157c2f840","1147b738a35d4b8033ef3f7ded3fb95af31f986a222f70b1ef61b1f69dd2e748",image/jpeg,jpg
DSC00012.JPG,"2009-11-08 11:16:22 UTC","0000-00-00 00:00:00","2009-11-24 00:00:00 UTC","2009-11-18 04:35:21 UTC",552994,Allocated,Allocated,unknown,"/img_jo-favorites-usb-2009-12-11.E01/vol_vol2/HighQuality/DSC00012.JPG","42d13827189a207e3d2daa0373d4f6ec","36dd0b9c2124a8d660b4e1bc80da9b5e903398f042cff9a588da8ae79937995d",image/jpeg,jpg
DSC00013.JPG,"2009-11-08 11:16:28 UTC","0000-00-00 00:00:00","2009-11-24 00:00:00 UTC","2009-11-18 04:35:22 UTC",529502,Allocated,Allocated,unknown,"/img_jo-favorites-usb-2009-12-11.E01/vol_vol2/HighQuality/DSC00013.JPG","faf3f87f9788af223b031ffb7e25a832","8f043305db54951c9d888ca29d355efd9088fdc6a52569e001ca235ed1ccd44a",image/jpeg,jpg
DSC00014.JPG,"2009-11-08 11:16:44 UTC","0000-00-00 00:00:00","2009-11-24 00:00:00 UTC","2009-11-18 04:35:23 UTC",669309,Allocated,Allocated,unknown,"/img_jo-favorites-usb-2009-12-11.E01/vol_vol2/HighQuality/DSC00014.JPG","88750ffb5ebdf1d61d34e571c1bf03b1","8baf79ad2d7e4013c220de5c50976ef41597c042ae3169f96ee58d1541df609e",image/jpeg,jpg
DSC00015.JPG,"2009-11-08 11:17:00 UTC","0000-00-00 00:00:00","2009-11-24 00:00:00 UTC","2009-11-18 04:35:24 UTC",504462,Allocated,Allocated,unknown,"/img_jo-favorites-usb-2009-12-11.E01/vol_vol2/HighQuality/DSC00015.JPG","c08c85eda6073c22e783971d0c8164da","c4d0d2dbb829c29f43dc00874a43f96c6260de2aa29a822cc50daf12b4d6bd7d",image/jpeg,jpg
DSC00016.JPG,"2009-11-08 11:17:28 UTC","0000-00-00 00:00:00","2009-11-24 00:00:00 UTC","2009-11-18 04:35:25 UTC",538336,Allocated,Allocated,unknown,"/img_jo-favorites-usb-2009-12-11.E01/vol_vol2/HighQuality/DSC00016.JPG","fbe1e0d871926f1559be0c0b1c42e642","722960232162bd3ac9aa0222f01ddff7e7d7228388a742a1e311dbcd223f0527",image/jpeg,jpg
DSC00017.JPG,"2009-11-08 11:17:36 UTC","0000-00-00 00:00:00","2009-11-24 00:00:00 UTC","2009-11-18 04:35:26 UTC",527558,Allocated,Allocated,unknown,"/img_jo-favorites-usb-2009-12-11.E01/vol_vol2/HighQuality/DSC00017.JPG","77e8f7f4b47c9b994673cea3e9d5493e","4ba9bc95e3aa9c7fa536bc2837f4b0be5e2945786afe32e23deeb3ce9562b8e0",image/jpeg,jpg
DSC00018.JPG,"2009-11-08 11:17:52 UTC","0000-00-00 00:00:00","2009-11-24 00:00:00 UTC","2009-11-18 04:35:26 UTC",411193,Allocated,Allocated,unknown,"/img_jo-favorites-usb-2009-12-11.E01/vol_vol2/HighQuality/DSC00018.JPG","d13316f10bb7ba29c3a7ca0ab2d1f64b","ba4b8533ab9afddf3816b2dd8e7c9ec3b0833f0c61cd00dfc4431d60b37d75e4",image/jpeg,jpg
DSC00019.JPG,"2009-11-08 11:18:12 UTC","0000-00-00 00:00:00","2009-11-24 00:00:00 UTC","2009-11-18 04:35:27 UTC",849126,Allocated,Allocated,unknown,"/img_jo-favorites-usb-2009-12-11.E01/vol_vol2/HighQuality/DSC00019.JPG","6ec30ca3eab6aacd4c80a7d0a2e5e556","2a6ae1e6df91723c7fd3c9138ad7cdc54ea3ae0a8c726971ed6574061b48cc9e",image/jpeg,jpg
DSC00020.JPG,"2009-11-08 11:18:22 UTC","0000-00-00 00:00:00","2009-11-24 00:00:00 UTC","2009-11-18 04:35:28 UTC",680211,Allocated,Allocated,unknown,"/img_jo-favorites-usb-2009-12-11.E01/vol_vol2/HighQuality/DSC00020.JPG","6c7220b4f726c2d35ebb7869119c13c0","ec0a18941490747f6e553eafc0484f9a8eaf45f8a70fa930febf39a6c0a7dc51",image/jpeg,jpg
DSC00021.JPG,"2009-11-08 11:18:36 UTC","0000-00-00 00:00:00","2009-11-24 00:00:00 UTC","2009-11-18 04:35:29 UTC",747979,Allocated,Allocated,unknown,"/img_jo-favorites-usb-2009-12-11.E01/vol_vol2/HighQuality/DSC00021.JPG","4f7e7ac5dba27537a2aed65e2cb6f9b9","93f62fb566ceb6fc9bd86160067ed199442d744c4b419afc304fe7765c2ec06a",image/jpeg,jpg
DSC00022.JPG,"2009-11-08 11:21:46 UTC","0000-00-00 00:00:00","2009-11-24 00:00:00 UTC","2009-11-18 04:35:30 UTC",934693,Allocated,Allocated,unknown,"/img_jo-favorites-usb-2009-12-11.E01/vol_vol2/HighQuality/DSC00022.JPG","2bda1806540188fe66ea1184941f1f0b","550564321e586c46e8d3ff423c47a87f2f70eae06ab2a11cfe391a0125b36b78",image/jpeg,jpg
DSC00023.JPG,"2009-11-08 11:22:12 UTC","0000-00-00 00:00:00","2009-11-24 00:00:00 UTC","2009-11-18 04:35:31 UTC",683213,Allocated,Allocated,unknown,"/img_jo-favorites-usb-2009-12-11.E01/vol_vol2/HighQuality/DSC00023.JPG","4314a4a4a4056d9806ea4b2744b9d7f0","f96f67fac0d722fce74fb30075864f86abe45cad7246e118fed7865026abb0c2",image/jpeg,jpg
DSC00024.JPG,"2009-11-08 11:22:16 UTC","0000-00-00 00:00:00","2009-11-24 00:00:00 UTC","2009-11-18 04:35:32 UTC",611066,Allocated,Allocated,unknown,"/img_jo-favorites-usb-2009-12-11.E01/vol_vol2/HighQuality/DSC00024.JPG","b60c2e59c1dc2f72904c9db6fc5be579","62a6c0fe8498de358b928695e886fecc565f1d9064bda364013f5d1f7c4e6296",image/jpeg,jpg
DSC00025.JPG,"2009-11-08 11:22:18 UTC","0000-00-00 00:00:00","2009-11-24 00:00:00 UTC","2009-11-18 04:35:32 UTC",681466,Allocated,Allocated,unknown,"/img_jo-favorites-usb-2009-12-11.E01/vol_vol2/HighQuality/DSC00025.JPG","96a17649ebba181a80d01d2f0acbc68d","a420a5f946a25eb5c9824a2217733ba4c69c4cd39cca0db80da1682a1d9cf188",image/jpeg,jpg
DSC00026.JPG,"2009-11-08 11:22:24 UTC","0000-00-00 00:00:00","2009-11-24 00:00:00 UTC","2009-11-18 04:35:33 UTC",668159,Allocated,Allocated,unknown,"/img_jo-favorites-usb-2009-12-11.E01/vol_vol2/HighQuality/DSC00026.JPG","a22331bb482a6e8ff86e20b419cfce85","b4be6d46cac2314ab073f88be5bd91884bf72a25013b4ece42d617d4d456d5f9",image/jpeg,jpg
DSC00027.JPG,"2009-11-08 11:22:26 UTC","0000-00-00 00:00:00","2009-11-24 00:00:00 UTC","2009-11-18 04:35:34 UTC",659967,Allocated,Allocated,unknown,"/img_jo-favorites-usb-2009-12-11.E01/vol_vol2/HighQuality/DSC00027.JPG","ac30bbacbf138bf0ab2570b5f2236418","47caa3482cbea70be7fb9dd5abd2c9f4feaed24ae6beb8ee624ff95f9e6f080f",image/jpeg,jpg
DSC00028.JPG,"2009-11-08 11:22:30 UTC","0000-00-00 00:00:00","2009-11-24 00:00:00 UTC","2009-11-18 04:35:35 UTC",586910,Allocated,Allocated,unknown,"/img_jo-favorites-usb-2009-12-11.E01/vol_vol2/HighQuality/DSC00028.JPG","0cb35a5132a44d88f86d658dc1119247","9f028228ce80cd0f026a577e1d9f5234b6efef5f801e2ea7c9eb947df3134898",image/jpeg,jpg
DSC00029.JPG,"2009-11-08 11:22:34 UTC","0000-00-00 00:00:00","2009-11-24 00:00:00 UTC","2009-11-18 04:35:36 UTC",594523,Allocated,Allocated,unknown,"/img_jo-favorites-usb-2009-12-11.E01/vol_vol2/HighQuality/DSC00029.JPG","8c7c12c12568848a7dda22e010e7ed1f","195bbcc5e4f694ffbcb43d0e3d77e3ce6f4e35152d419dc3606a809e2a90a291",image/jpeg,jpg
DSC00030.JPG,"2009-11-08 11:22:40 UTC","0000-00-00 00:00:00","2009-11-24 00:00:00 UTC","2009-11-18 04:35:37 UTC",447695,Allocated,Allocated,unknown,"/img_jo-favorites-usb-2009-12-11.E01/vol_vol2/HighQuality/DSC00030.JPG","6c93cbbe0944f63488c9da2c49ab65f8","1a44c81dfd65c1d5674b650426e914be563c447fa2a0afbffaf2e98c000a8388",image/jpeg,jpg
DSC00031.JPG,"2009-11-08 11:22:42 UTC","0000-00-00 00:00:00","2009-11-24 00:00:00 UTC","2009-11-18 04:35:37 UTC",735173,Allocated,Allocated,unknown,"/img_jo-favorites-usb-2009-12-11.E01/vol_vol2/HighQuality/DSC00031.JPG","d34638b0f8f8241433ae550ecd6fdcaa","34e3fb1115ccbb917065f8db1a3a5d2d89511622d17272ab3401b77991017646",image/jpeg,jpg
DSC00032.JPG,"2009-11-08 11:22:44 UTC","0000-00-00 00:00:00","2009-11-24 00:00:00 UTC","2009-11-18 04:35:38 UTC",516262,Allocated,Allocated,unknown,"/img_jo-favorites-usb-2009-12-11.E01/vol_vol2/HighQuality/DSC00032.JPG","e8af6ed9337b17d2273dee0c9e67a2ff","b4d8ca84b77299bc50e6ec594063d93b8c95df6876b7d5f9a962aa60a3241dd2",image/jpeg,jpg
DSC00033.JPG,"2009-11-08 11:23:00 UTC","0000-00-00 00:00:00","2009-11-24 00:00:00 UTC","2009-11-18 04:35:39 UTC",697157,Allocated,Allocated,unknown,"/img_jo-favorites-usb-2009-12-11.E01/vol_vol2/HighQuality/DSC00033.JPG","682e08d29708e944318b3f41eb2be995","89f55485738d8c1240cb43b5084f72f58eb3395e55c532d9c83fcd4cd41321a1",image/jpeg,jpg
DSC00034.JPG,"2009-11-08 11:23:04 UTC","0000-00-00 00:00:00","2009-11-24 00:00:00 UTC","2009-11-18 04:35:40 UTC",702843,Allocated,Allocated,unknown,"/img_jo-favorites-usb-2009-12-11.E01/vol_vol2/HighQuality/DSC00034.JPG","1b6ca277955778b941111273cfb1688b","f13b95a22166177c3b35a16c561ff1e260d353b3d1319bda6ae1a90e5c5521d2",image/jpeg,jpg
DSC00035.JPG,"2009-11-08 11:23:06 UTC","0000-00-00 00:00:00","2009-11-24 00:00:00 UTC","2009-11-18 04:35:41 UTC",715255,Allocated,Allocated,unknown,"/img_jo-favorites-usb-2009-12-11.E01/vol_vol2/HighQuality/DSC00035.JPG","5d357df02bf4642700d1c00ddd33e237","da12d8b9b75f51d7b089ebc22b1b641fac62992f0e063410b3cddf1270ca60db",image/jpeg,jpg
DSC00036.JPG,"2009-11-08 11:23:08 UTC","0000-00-00 00:00:00","2009-11-24 00:00:00 UTC","2009-11-18 04:35:41 UTC",685016,Allocated,Allocated,unknown,"/img_jo-favorites-usb-2009-12-11.E01/vol_vol2/HighQuality/DSC00036.JPG","31fbad29da748a5565e3fff2ac2fbedc","81190181b1163ca41da7d234724e86ede88a9e99d58b4d98547ac8af1289c11d",image/jpeg,jpg
DSC00037.JPG,"2009-11-08 11:23:12 UTC","0000-00-00 00:00:00","2009-11-24 00:00:00 UTC","2009-11-18 04:35:42 UTC",565806,Allocated,Allocated,unknown,"/img_jo-favorites-usb-2009-12-11.E01/vol_vol2/HighQuality/DSC00037.JPG","aeeba1f87911ed0612cfde928fef6a45","e908a8a76aa2d388051015e9a6dde73d0552573dd159f77c91f5a4cddbb9167f",image/jpeg,jpg
DSC00038.JPG,"2009-11-08 11:23:18 UTC","0000-00-00 00:00:00","2009-11-24 00:00:00 UTC","2009-11-18 04:35:43 UTC",489095,Allocated,Allocated,unknown,"/img_jo-favorites-usb-2009-12-11.E01/vol_vol2/HighQuality/DSC00038.JPG","bb5ca88e16e5feb6d6429832a0fdb078","ce48cd976991a2999938356d2339c60566bd585e3cb2901e5ddabde7ba203b52",image/jpeg,jpg
DSC00039.JPG,"2009-11-08 11:23:20 UTC","0000-00-00 00:00:00","2009-11-24 00:00:00 UTC","2009-11-18 04:35:44 UTC",497515,Allocated,Allocated,unknown,"/img_jo-favorites-usb-2009-12-11.E01/vol_vol2/HighQuality/DSC00039.JPG","82ac80415cc8b726a039f318d1e60640","73dcda60581e55cd4433d356888a838df430a8fded4a1f054b80917dc8482860",image/jpeg,jpg
DSC00040.JPG,"2009-11-08 11:23:22 UTC","0000-00-00 00:00:00","2009-11-24 00:00:00 UTC","2009-11-18 04:35:45 UTC",487139,Allocated,Allocated,unknown,"/img_jo-favorites-usb-2009-12-11.E01/vol_vol2/HighQuality/DSC00040.JPG","12e7d2d02e861a2e750d4cabb1bb8258","27c58cb9a1b24137264fe7b6c78a1a222f53e047f2c6e55e27e31aa7a69f80fd",image/jpeg,jpg
DSC00041.JPG,"2009-11-08 11:23:26 UTC","0000-00-00 00:00:00","2009-11-24 00:00:00 UTC","2009-11-18 04:35:45 UTC",492144,Allocated,Allocated,unknown,"/img_jo-favorites-usb-2009-12-11.E01/vol_vol2/HighQuality/DSC00041.JPG","5bbdd58f906d9a2b2fdb4b8afc8c91be","dad955449cd0e58ce09be65267e2e07ea840155a2ba4d5f7d1644b965af4ff0a",image/jpeg,jpg
DSC00042.JPG,"2009-11-08 11:23:48 UTC","0000-00-00 00:00:00","2009-11-24 00:00:00 UTC","2009-11-18 04:35:46 UTC",518350,Allocated,Allocated,unknown,"/img_jo-favorites-usb-2009-12-11.E01/vol_vol2/HighQuality/DSC00042.JPG","25566a2aec959d3ad15a540e5987b63f","32c892152526ae4df8066747933e4ae3813a57fbd23bd96e920f06784cce439b",image/jpeg,jpg
DSC00043.JPG,"2009-11-08 11:24:00 UTC","0000-00-00 00:00:00","2009-11-24 00:00:00 UTC","2009-11-18 04:35:47 UTC",466175,Allocated,Allocated,unknown,"/img_jo-favorites-usb-2009-12-11.E01/vol_vol2/HighQuality/DSC00043.JPG","71d91612ed2b1559c444f3fc768f9000","ac021f2ed85d81921325592b319d40ae0e55bcf3bdb664e93e5d6c28fb210938",image/jpeg,jpg
DSC00044.JPG,"2009-11-08 11:24:06 UTC","0000-00-00 00:00:00","2009-11-24 00:00:00 UTC","2009-11-18 04:35:48 UTC",468952,Allocated,Allocated,unknown,"/img_jo-favorites-usb-2009-12-11.E01/vol_vol2/HighQuality/DSC00044.JPG","22a6dab3380087356b7271a1ecb730fc","2b04d9be48a52c2b1b122fd4d33623fa9195241ee0c3645148b60b77345a3ba0",image/jpeg,jpg
DSC00045.JPG,"2009-11-08 11:24:08 UTC","0000-00-00 00:00:00","2009-11-24 00:00:00 UTC","2009-11-18 04:35:48 UTC",517318,Allocated,Allocated,unknown,"/img_jo-favorites-usb-2009-12-11.E01/vol_vol2/HighQuality/DSC00045.JPG","5bd90d1d6941f8c8763562578c61c11a","0e8d8521f8fdc29b3871733ea5652b02f6e3256b56d11b59cf42e14f9cb89655",image/jpeg,jpg
DSC00046.JPG,"2009-11-08 11:24:34 UTC","0000-00-00 00:00:00","2009-11-24 00:00:00 UTC","2009-11-18 04:35:49 UTC",460011,Allocated,Allocated,unknown,"/img_jo-favorites-usb-2009-12-11.E01/vol_vol2/HighQuality/DSC00046.JPG","977a311ada6a94becc9696e4dc9fa3ed","1f3a51cca9fb136db8de316bf117377004dd62aed00c7789e5298bc104b7a838",image/jpeg,jpg
DSC00047.JPG,"2009-11-08 11:24:42 UTC","0000-00-00 00:00:00","2009-11-24 00:00:00 UTC","2009-11-18 04:35:50 UTC",543118,Allocated,Allocated,unknown,"/img_jo-favorites-usb-2009-12-11.E01/vol_vol2/HighQuality/DSC00047.JPG","639ef9a273043e3d3545ae479590f974","09100ed1d872f91e4b7c86ec70f07dc7090fcecccea2f741f96808f69829766b",image/jpeg,jpg
DSC00048.JPG,"2009-11-08 11:24:46 UTC","0000-00-00 00:00:00","2009-11-24 00:00:00 UTC","2009-11-18 04:35:51 UTC",578415,Allocated,Allocated,unknown,"/img_jo-favorites-usb-2009-12-11.E01/vol_vol2/HighQuality/DSC00048.JPG","a560befd331d1f42a371ba526c2a5fff","c8fdbbd08d8d89ef8657834e7ab8cd06fec200dc9f2b8a1ad1ec53f08b3adf12",image/jpeg,jpg
DSC00049.JPG,"2009-11-08 11:24:50 UTC","0000-00-00 00:00:00","2009-11-24 00:00:00 UTC","2009-11-18 04:35:52 UTC",508520,Allocated,Allocated,unknown,"/img_jo-favorites-usb-2009-12-11.E01/vol_vol2/HighQuality/DSC00049.JPG","78efa86dd183fb11f54870765913f6d2","65327ef3c1b3074ab06f4504bf0a777ba27105df767ffe209d050296fedd2816",image/jpeg,jpg
DSC00050.JPG,"2009-11-08 11:25:12 UTC","0000-00-00 00:00:00","2009-11-24 00:00:00 UTC","2009-11-18 04:35:53 UTC",1126433,Allocated,Allocated,unknown,"/img_jo-favorites-usb-2009-12-11.E01/vol_vol2/HighQuality/DSC00050.JPG","0b1ae52267e29eb3e262d32553226843","1c029bd2c8a3bae15d3a89986557d0c841d99f208ac2b90a210067d770003a6e",image/jpeg,jpg
DSC00051.JPG,"2009-11-08 11:25:20 UTC","0000-00-00 00:00:00","2009-11-24 00:00:00 UTC","2009-11-18 04:35:54 UTC",1050508,Allocated,Allocated,unknown,"/img_jo-favorites-usb-2009-12-11.E01/vol_vol2/HighQuality/DSC00051.JPG","b1ee6681fa420932319b75bd1e36eb21","50ff2b72e19066015f4ec7ca71cf6cd5ac1ecb0a0901855fa1c4245749df6b54",image/jpeg,jpg
DSC00052.JPG,"2009-11-08 11:25:32 UTC","0000-00-00 00:00:00","2009-11-24 00:00:00 UTC","2009-11-18 04:35:55 UTC",1694753,Allocated,Allocated,unknown,"/img_jo-favorites-usb-2009-12-11.E01/vol_vol2/HighQuality/DSC00052.JPG","5503b07a7c5359cc0065af949521a82e","53b81f115556974d50158f0d330f131bc5b16cf1ab64fab26a4e22d21ee0ff1b",image/jpeg,jpg
DSC00053.JPG,"2009-11-08 11:25:42 UTC","0000-00-00 00:00:00","2009-11-24 00:00:00 UTC","2009-11-18 04:35:56 UTC",1065408,Allocated,Allocated,unknown,"/img_jo-favorites-usb-2009-12-11.E01/vol_vol2/HighQuality/DSC00053.JPG","6290743a27a7e3f7fbb8a30d3ea6b978","edcb018e5d3e596680a050fbc1e7f56661012872936cab83e080022e7cea4c11",image/jpeg,jpg
DSC00054.JPG,"2009-11-08 11:25:48 UTC","0000-00-00 00:00:00","2009-11-24 00:00:00 UTC","2009-11-18 04:35:58 UTC",1038802,Allocated,Allocated,unknown,"/img_jo-favorites-usb-2009-12-11.E01/vol_vol2/HighQuality/DSC00054.JPG","47fc7ba4ff774f34c962936eb1523b67","f70f4ce50e9b037a7d3a8762add268281c655a9b1c048ff28b5b7b80e1bdd178",image/jpeg,jpg
DSC00055.JPG,"2009-11-08 11:25:54 UTC","0000-00-00 00:00:00","2009-11-24 00:00:00 UTC","2009-11-18 04:35:59 UTC",990306,Allocated,Allocated,unknown,"/img_jo-favorites-usb-2009-12-11.E01/vol_vol2/HighQuality/DSC00055.JPG","821fec5584d6879176ed8e2a0f603bc2","4dd0d0e2caed9826493e6d26a21ba2ede3a1113a32a7479fd244531b42013063",image/jpeg,jpg
DSC00056.JPG,"2009-11-08 11:26:00 UTC","0000-00-00 00:00:00","2009-11-24 00:00:00 UTC","2009-11-18 04:36:00 UTC",649752,Allocated,Allocated,unknown,"/img_jo-favorites-usb-2009-12-11.E01/vol_vol2/HighQuality/DSC00056.JPG","46b650c5057da784fab52bf444a412ce","701c02ef5d7ca5f9ccc02cf7c7f4cc642962b575eed93419e1f8500375a916b9",image/jpeg,jpg
DSC00057.JPG,"2009-11-08 11:26:04 UTC","0000-00-00 00:00:00","2009-11-24 00:00:00 UTC","2009-11-18 04:36:01 UTC",1016079,Allocated,Allocated,unknown,"/img_jo-favorites-usb-2009-12-11.E01/vol_vol2/HighQuality/DSC00057.JPG","8c3145b9d0e42dcfe87d17213555b18b","e9a5bbf9fe368a5fdae9f6b448e97110fc2ecde6afecd5dc68639b427be9b9db",image/jpeg,jpg
DSC00058.JPG,"2009-11-08 11:26:12 UTC","0000-00-00 00:00:00","2009-11-24 00:00:00 UTC","2009-11-18 04:36:02 UTC",1049127,Allocated,Allocated,unknown,"/img_jo-favorites-usb-2009-12-11.E01/vol_vol2/HighQuality/DSC00058.JPG","0962d93fcf9ac8cba46725817fa44124","41a5c20fe101683a9bad9b9772270257164c61810fcfcb3c39d9a6c470a9a6e0",image/jpeg,jpg
DSC00059.JPG,"2009-11-08 11:26:16 UTC","0000-00-00 00:00:00","2009-11-24 00:00:00 UTC","2009-11-18 04:36:03 UTC",1066782,Allocated,Allocated,unknown,"/img_jo-favorites-usb-2009-12-11.E01/vol_vol2/HighQuality/DSC00059.JPG","dd35ef460699754825dbb9b70b2e72c8","6c70727ee66f4cb3a70eadc77ee5e50b43aa6b83bfcd9e7093f7cae8b7ece2b6",image/jpeg,jpg
DSC00060.JPG,"2009-11-08 11:26:28 UTC","0000-00-00 00:00:00","2009-11-24 00:00:00 UTC","2009-11-18 04:36:04 UTC",846393,Allocated,Allocated,unknown,"/img_jo-favorites-usb-2009-12-11.E01/vol_vol2/HighQuality/DSC00060.JPG","9bb1e562859f26e06aac10cc33ee9ea4","2c4d59150f0fe144e96c244b17bad4fb36a0258077517bbc43ec35d47f88c27f",image/jpeg,jpg
DSC00061.JPG,"2009-11-08 11:26:34 UTC","0000-00-00 00:00:00","2009-11-24 00:00:00 UTC","2009-11-18 04:36:05 UTC",802596,Allocated,Allocated,unknown,"/img_jo-favorites-usb-2009-12-11.E01/vol_vol2/HighQuality/DSC00061.JPG","96d19f2a725664591fe7796b6d72b799","74071bcba4ccdaa7f06516b94ac58db74541f224f487d8810368601d1cac4132",image/jpeg,jpg
DSC00062.JPG,"2009-11-08 11:26:40 UTC","0000-00-00 00:00:00","2009-11-24 00:00:00 UTC","2009-11-18 04:36:06 UTC",978584,Allocated,Allocated,unknown,"/img_jo-favorites-usb-2009-12-11.E01/vol_vol2/HighQuality/DSC00062.JPG","1fd631ac140fbbe1a40003ec3dd385ae","8fb9aef14b7f550e0cc8b56db2810ea4000bd411de908473ad60c31e779d27a8",image/jpeg,jpg
DSC00063.JPG,"2009-11-08 11:26:44 UTC","0000-00-00 00:00:00","2009-11-24 00:00:00 UTC","2009-11-18 04:36:08 UTC",1108962,Allocated,Allocated,unknown,"/img_jo-favorites-usb-2009-12-11.E01/vol_vol2/HighQuality/DSC00063.JPG","3832c7903a995df4254baa3eca9e4bd7","6f166fd3c36ee4ebf73b8204f03ae6abdc19cf624e61aacf86b9d50e419938df",image/jpeg,jpg
DSC00064.JPG,"2009-11-08 11:26:50 UTC","0000-00-00 00:00:00","2009-11-24 00:00:00 UTC","2009-11-18 04:36:09 UTC",1031998,Allocated,Allocated,unknown,"/img_jo-favorites-usb-2009-12-11.E01/vol_vol2/HighQuality/DSC00064.JPG","9a5364a26ac26d44d678d473774a5b97","7cd979f3775f48c81371c7f8076797f22e148cca138d6684615f239237882366",image/jpeg,jpg
DSC00065.JPG,"2009-11-08 11:26:54 UTC","0000-00-00 00:00:00","2009-11-24 00:00:00 UTC","2009-11-18 04:36:10 UTC",937946,Allocated,Allocated,unknown,"/img_jo-favorites-usb-2009-12-11.E01/vol_vol2/HighQuality/DSC00065.JPG","d994947181a7d60704f70f74d61b7421","a4bc9062e8af3889ee6d4a85f17a56597e671e7a88a65a3189e6391353424a1f",image/jpeg,jpg
DSC00066.JPG,"2009-11-08 11:28:14 UTC","0000-00-00 00:00:00","2009-11-24 00:00:00 UTC","2009-11-18 04:36:11 UTC",741522,Allocated,Allocated,unknown,"/img_jo-favorites-usb-2009-12-11.E01/vol_vol2/HighQuality/DSC00066.JPG","4f33d26ea0d47ea17cedd5067549d3fa","993bdbb8a01d2142374c1dfb19d4841e217431c467f8406a7ed6bd7661597e49",image/jpeg,jpg
DSC00067.JPG,"2009-11-08 11:28:16 UTC","0000-00-00 00:00:00","2009-11-24 00:00:00 UTC","2009-11-18 04:36:12 UTC",687180,Allocated,Allocated,unknown,"/img_jo-favorites-usb-2009-12-11.E01/vol_vol2/HighQuality/DSC00067.JPG","9da06941e3eec2a2f19d20b0a0cf21ed","135fabcbc6e357fe9f2c68d2a2997406fb1ce5614dcb3701a4698ed1a3692de3",image/jpeg,jpg
DSC00068.JPG,"2009-11-08 11:28:20 UTC","0000-00-00 00:00:00","2009-11-24 00:00:00 UTC","2009-11-18 04:36:13 UTC",684925,Allocated,Allocated,unknown,"/img_jo-favorites-usb-2009-12-11.E01/vol_vol2/HighQuality/DSC00068.JPG","1018f333d3eec3a90cc8c3eb1824455c","b37502ceb4bbbf4a61af3d79b35a253dde63fc25010587025365b4a4659446f4",image/jpeg,jpg
DSC00069.JPG,"2009-11-08 11:28:22 UTC","0000-00-00 00:00:00","2009-11-24 00:00:00 UTC","2009-11-18 04:36:14 UTC",631508,Allocated,Allocated,unknown,"/img_jo-favorites-usb-2009-12-11.E01/vol_vol2/HighQuality/DSC00069.JPG","259acd4e434c8836ae1eb8069b5f36f1","cf3d1034f4d2462b2032e5c0f627279db4a5faa2ffadd09a0a58ccf8722e5399",image/jpeg,jpg
DSC00070.JPG,"2009-11-08 11:28:26 UTC","0000-00-00 00:00:00","2009-11-24 00:00:00 UTC","2009-11-18 04:36:14 UTC",643643,Allocated,Allocated,unknown,"/img_jo-favorites-usb-2009-12-11.E01/vol_vol2/HighQuality/DSC00070.JPG","bf44428dafc755aa57f38036aaa79ada","521ec4de3c66d9fda6df26dc055ee17c45067988e1e5b999585f6eb5b142f2c8",image/jpeg,jpg
DSC00071.JPG,"2009-11-08 11:28:28 UTC","0000-00-00 00:00:00","2009-11-24 00:00:00 UTC","2009-11-18 04:36:15 UTC",622799,Allocated,Allocated,unknown,"/img_jo-favorites-usb-2009-12-11.E01/vol_vol2/HighQuality/DSC00071.JPG","34a248ffbc03c1b96e2225b788f71fd6","7577a36dd6296164ae2f233cff886e61b0e231625c3f8313e7e761e0647f14b8",image/jpeg,jpg
DSC00072.JPG,"2009-11-08 11:28:32 UTC","0000-00-00 00:00:00","2009-11-24 00:00:00 UTC","2009-11-18 04:36:16 UTC",961731,Allocated,Allocated,unknown,"/img_jo-favorites-usb-2009-12-11.E01/vol_vol2/HighQuality/DSC00072.JPG","67d55dd34df85cf719815085abd3d791","0dd3cd2754570a5820fa1bb0a7c2c20bb14a70726d453fcc34242868ac15a341",image/jpeg,jpg
DSC00073.JPG,"2009-11-08 11:28:36 UTC","0000-00-00 00:00:00","2009-11-24 00:00:00 UTC","2009-11-18 04:36:17 UTC",962828,Allocated,Allocated,unknown,"/img_jo-favorites-usb-2009-12-11.E01/vol_vol2/HighQuality/DSC00073.JPG","43cfc2daf0ece60e9d944bc6ca980711","6db477be47a18e27aea666326f4264834b55fb87a70e241f0c5913fb3ffeda8c",image/jpeg,jpg
DSC00074.JPG,"2009-11-08 11:28:38 UTC","0000-00-00 00:00:00","2009-11-24 00:00:00 UTC","2009-11-18 04:36:18 UTC",917114,Allocated,Allocated,unknown,"/img_jo-favorites-usb-2009-12-11.E01/vol_vol2/HighQuality/DSC00074.JPG","a003a6d4fe290c9dfec624bc85714357","fc2391e37a029a1f0afd70160f199fa0f71c9faf970c45f272aeb1196925c69c",image/jpeg,jpg
DSC00075.JPG,"2009-11-08 11:28:42 UTC","0000-00-00 00:00:00","2009-11-24 00:00:00 UTC","2009-11-18 04:36:19 UTC",1026359,Allocated,Allocated,unknown,"/img_jo-favorites-usb-2009-12-11.E01/vol_vol2/HighQuality/DSC00075.JPG","bb6e0d23b12a26d23dfbcffa45b84a89","b8787cba86fe2412bf356f2a0740fbe716b4e36c62e184ede8b13177db7624ab",image/jpeg,jpg
DSC00076.JPG,"2009-11-08 11:28:48 UTC","0000-00-00 00:00:00","2009-11-24 00:00:00 UTC","2009-11-18 04:36:20 UTC",940459,Allocated,Allocated,unknown,"/img_jo-favorites-usb-2009-12-11.E01/vol_vol2/HighQuality/DSC00076.JPG","e02ea82a5b0026315c2fc09ac4e2b07f","5353fff72f4c0653fb8b96214685b91d25352bac0284a7cc9997cd43ce740de9",image/jpeg,jpg
DSC00077.JPG,"2009-11-08 11:28:52 UTC","0000-00-00 00:00:00","2009-11-24 00:00:00 UTC","2009-11-18 04:36:21 UTC",983592,Allocated,Allocated,unknown,"/img_jo-favorites-usb-2009-12-11.E01/vol_vol2/HighQuality/DSC00077.JPG","0e8198723a5b907b6e63775f7860a09b","bb32575422ddcfa185edf289347c0e560aefd7acf53bdfda3a1bce632e56f4d9",image/jpeg,jpg
DSC00078.JPG,"2009-11-08 11:28:54 UTC","0000-00-00 00:00:00","2009-11-24 00:00:00 UTC","2009-11-18 04:36:23 UTC",1012286,Allocated,Allocated,unknown,"/img_jo-favorites-usb-2009-12-11.E01/vol_vol2/HighQuality/DSC00078.JPG","51820571527fec74620fb4267263095a","533a475d326db2e1f23935f6977ff041a07d5be2e47629c75d3c833eccfb311c",image/jpeg,jpg
DSC00079.JPG,"2009-11-08 11:28:56 UTC","0000-00-00 00:00:00","2009-11-24 00:00:00 UTC","2009-11-18 04:36:24 UTC",1017782,Allocated,Allocated,unknown,"/img_jo-favorites-usb-2009-12-11.E01/vol_vol2/HighQuality/DSC00079.JPG","74f5d3efceb55c97aad22b80ad5940c0","aec951139dbb5dc77be20fb6592e78e61cf52025309c406ab41210d76c8ed3bf",image/jpeg,jpg
DSC00080.JPG,"2009-11-08 11:29:00 UTC","0000-00-00 00:00:00","2009-11-24 00:00:00 UTC","2009-11-18 04:36:25 UTC",1002707,Allocated,Allocated,unknown,"/img_jo-favorites-usb-2009-12-11.E01/vol_vol2/HighQuality/DSC00080.JPG","356b8b48ae6347d97812c753e3ce6898","9d180d96b8d02d7ffdf18edb5d75c410a728862bc2c4ad9eed0ac281e352512a",image/jpeg,jpg
DSC00081.JPG,"2009-11-08 11:29:04 UTC","0000-00-00 00:00:00","2009-11-24 00:00:00 UTC","2009-11-18 04:36:26 UTC",944543,Allocated,Allocated,unknown,"/img_jo-favorites-usb-2009-12-11.E01/vol_vol2/HighQuality/DSC00081.JPG","6dd8b686b9ae92ab42dd13de438a3018","b2c0bd9916044af0aba8da2ae9db746bc108b4e99d497cb14375c7d69cb7cca9",image/jpeg,jpg
DSC00082.JPG,"2009-11-08 11:29:10 UTC","0000-00-00 00:00:00","2009-11-24 00:00:00 UTC","2009-11-18 04:36:27 UTC",1049835,Allocated,Allocated,unknown,"/img_jo-favorites-usb-2009-12-11.E01/vol_vol2/HighQuality/DSC00082.JPG","75cf887f54352a236b9ac0c3390c1b0c","2711230611eae7de20286c0cce4fd00efd996f5e8e80c1befe1a22f226a48b21",image/jpeg,jpg
DSC00083.JPG,"2009-11-08 11:29:12 UTC","0000-00-00 00:00:00","2009-11-24 00:00:00 UTC","2009-11-18 04:36:28 UTC",1005468,Allocated,Allocated,unknown,"/img_jo-favorites-usb-2009-12-11.E01/vol_vol2/HighQuality/DSC00083.JPG","c4356c212ab7c3b6823563b0a86bf4f9","e282516504535b00ad660f9c6ed79a33d2ff6183ad378c735e159e79ad53d966",image/jpeg,jpg
DSC00084.JPG,"2009-11-08 11:29:16 UTC","0000-00-00 00:00:00","2009-11-24 00:00:00 UTC","2009-11-18 04:36:29 UTC",970711,Allocated,Allocated,unknown,"/img_jo-favorites-usb-2009-12-11.E01/vol_vol2/HighQuality/DSC00084.JPG","1c8e78ed45253d6608c324165ffc2479","36345684aa56317433f120c5d7337dd1ad72ffc06e21154f9ceee4267c24b14b",image/jpeg,jpg
