"Source Name",Path,Key,"Last Write","Data Source","Date Modified","Date Created","Date Accessed"
NTUSER.DAT,"Recycle Bin","Software\Microsoft\Windows\Shell\Bags\1\Desktop","2009-11-20 14:35:00 UTC",jo-2009-11-24.E01,,,
NTUSER.DAT,"AVG 9.0.lnk","Software\Microsoft\Windows\Shell\Bags\1\Desktop","2009-11-20 14:35:00 UTC",jo-2009-11-24.E01,"2009-11-20 13:56:34 UTC","2009-11-20 13:56:34 UTC","2009-11-20 13:56:34 UTC"
NTUSER.DAT,,"Software\Microsoft\Windows\ShellNoRoam\BagMRU","2009-11-20 14:52:42 UTC",jo-2009-11-24.E01,,,
NTUSER.DAT,,"Software\Microsoft\Windows\ShellNoRoam\BagMRU",,jo-2009-11-24.E01,,,
NTUSER.DAT,,"Software\Microsoft\Windows\ShellNoRoam\BagMRU","2009-11-20 14:33:55 UTC",jo-2009-11-24.E01,"2009-11-20 12:58:28 UTC","2009-11-20 04:45:26 UTC","2009-11-20 12:58:28 UTC"
NTUSER.DAT,,"Software\Microsoft\Windows\ShellNoRoam\BagMRU","2009-11-20 14:34:00 UTC",jo-2009-11-24.E01,"2009-11-20 12:58:30 UTC","2009-11-20 12:58:28 UTC","2009-11-20 12:58:30 UTC"
NTUSER.DAT,,"Software\Microsoft\Windows\ShellNoRoam\BagMRU","2009-11-20 13:11:56 UTC",jo-2009-11-24.E01,"2009-11-20 04:46:10 UTC","2009-11-20 12:58:28 UTC","2009-11-20 12:58:30 UTC"
NTUSER.DAT,,"Software\Microsoft\Windows\ShellNoRoam\BagMRU",,jo-2009-11-24.E01,"2009-11-20 13:33:34 UTC","2009-11-20 13:33:34 UTC","2009-11-20 13:33:36 UTC"
NTUSER.DAT,,"Software\Microsoft\Windows\ShellNoRoam\BagMRU","2009-11-20 13:33:39 UTC",jo-2009-11-24.E01,"2009-11-20 13:33:34 UTC","2009-11-20 13:33:34 UTC","2009-11-20 13:33:36 UTC"
NTUSER.DAT,,"Software\Microsoft\Windows\ShellNoRoam\BagMRU","2009-11-20 13:33:39 UTC",jo-2009-11-24.E01,"2009-11-20 13:33:36 UTC","2009-11-20 13:33:34 UTC","2009-11-20 13:33:36 UTC"
NTUSER.DAT,,"Software\Microsoft\Windows\ShellNoRoam\BagMRU","2009-11-20 14:35:19 UTC",jo-2009-11-24.E01,,,
NTUSER.DAT,,"Software\Microsoft\Windows\ShellNoRoam\BagMRU",,jo-2009-11-24.E01,,,
NTUSER.DAT,,"Software\Microsoft\Windows\ShellNoRoam\BagMRU",,jo-2009-11-24.E01,,,
NTUSER.DAT,"Recycle Bin","Software\Microsoft\Windows\Shell\Bags\1\Desktop","2009-11-24 19:45:53 UTC",jo-2009-11-24.E01,,,
NTUSER.DAT,"AVG 9.0.lnk","Software\Microsoft\Windows\Shell\Bags\1\Desktop","2009-11-24 19:45:53 UTC",jo-2009-11-24.E01,"2009-11-20 13:56:34 UTC","2009-11-20 13:56:34 UTC","2009-11-24 17:02:08 UTC"
NTUSER.DAT,"Mozilla Firefox.lnk","Software\Microsoft\Windows\Shell\Bags\1\Desktop","2009-11-24 19:45:53 UTC",jo-2009-11-24.E01,"2009-11-20 14:35:00 UTC","2009-11-20 14:35:00 UTC","2009-11-24 13:51:02 UTC"
NTUSER.DAT,"OpenOffice.org 3.1.lnk","Software\Microsoft\Windows\Shell\Bags\1\Desktop","2009-11-24 19:45:53 UTC",jo-2009-11-24.E01,"2009-11-20 14:38:20 UTC","2009-11-20 14:38:20 UTC","2009-11-23 13:24:56 UTC"
NTUSER.DAT,"QuickTime Player.lnk","Software\Microsoft\Windows\Shell\Bags\1\Desktop","2009-11-24 19:45:53 UTC",jo-2009-11-24.E01,"2009-11-24 17:11:22 UTC","2009-11-24 17:11:22 UTC","2009-11-24 17:11:22 UTC"
NTUSER.DAT,Pics,"Software\Microsoft\Windows\Shell\Bags\1\Desktop","2009-11-24 19:45:53 UTC",jo-2009-11-24.E01,"2009-11-24 17:16:20 UTC","2009-11-23 13:24:40 UTC","2009-11-24 17:16:20 UTC"
NTUSER.DAT,web,"Software\Microsoft\Windows\Shell\Bags\1\Desktop","2009-11-24 19:45:53 UTC",jo-2009-11-24.E01,"2009-11-24 19:26:08 UTC","2009-11-23 16:54:56 UTC","2009-11-24 19:26:08 UTC"
NTUSER.DAT,E-mail.lnk,"Software\Microsoft\Windows\Shell\Bags\1\Desktop","2009-11-24 19:45:53 UTC",jo-2009-11-24.E01,"2009-11-23 11:57:08 UTC","2009-11-23 11:57:08 UTC","2009-11-24 17:02:12 UTC"
NTUSER.DAT,"My Computer.lnk","Software\Microsoft\Windows\Shell\Bags\1\Desktop","2009-11-24 19:45:53 UTC",jo-2009-11-24.E01,"2009-11-24 17:03:10 UTC","2009-11-24 17:03:10 UTC","2009-11-24 17:03:10 UTC"
NTUSER.DAT,patentauto.py,"Software\Microsoft\Windows\ShellNoRoam\Bags\10\Shell",,jo-2009-11-24.E01,"2009-11-23 16:57:36 UTC","2009-11-23 16:55:02 UTC","2009-11-24 13:51:36 UTC"
NTUSER.DAT,patentterms.txt,"Software\Microsoft\Windows\ShellNoRoam\Bags\10\Shell",,jo-2009-11-24.E01,"2009-11-16 17:29:38 UTC","2009-11-23 16:55:12 UTC","2009-11-24 14:10:24 UTC"
NTUSER.DAT,urls.txt,"Software\Microsoft\Windows\ShellNoRoam\Bags\10\Shell",,jo-2009-11-24.E01,"2009-11-16 13:22:50 UTC","2009-11-23 16:55:06 UTC","2009-11-24 17:02:16 UTC"
NTUSER.DAT,urlscopyright.txt,"Software\Microsoft\Windows\ShellNoRoam\Bags\10\Shell",,jo-2009-11-24.E01,"2009-11-17 13:40:56 UTC","2009-11-23 16:55:06 UTC","2009-11-23 16:55:06 UTC"
NTUSER.DAT,urlspatents.txt,"Software\Microsoft\Windows\ShellNoRoam\Bags\10\Shell",,jo-2009-11-24.E01,"2009-11-17 13:40:56 UTC","2009-11-23 16:55:06 UTC","2009-11-23 16:55:06 UTC"
NTUSER.DAT,urlspersona.txt,"Software\Microsoft\Windows\ShellNoRoam\Bags\10\Shell",,jo-2009-11-24.E01,"2009-11-14 20:43:14 UTC","2009-11-23 16:55:06 UTC","2009-11-23 16:55:06 UTC"
NTUSER.DAT,urlstime_machine.txt,"Software\Microsoft\Windows\ShellNoRoam\Bags\10\Shell",,jo-2009-11-24.E01,"2009-11-16 13:22:50 UTC","2009-11-23 16:55:06 UTC","2009-11-23 16:55:06 UTC"
NTUSER.DAT,,"Software\Microsoft\Windows\ShellNoRoam\BagMRU","2009-11-24 19:25:13 UTC",jo-2009-11-24.E01,,,
NTUSER.DAT,,"Software\Microsoft\Windows\ShellNoRoam\BagMRU",,jo-2009-11-24.E01,,,
NTUSER.DAT,,"Software\Microsoft\Windows\ShellNoRoam\BagMRU",,jo-2009-11-24.E01,,,
NTUSER.DAT,,"Software\Microsoft\Windows\ShellNoRoam\BagMRU",,jo-2009-11-24.E01,,,
NTUSER.DAT,,"Software\Microsoft\Windows\ShellNoRoam\BagMRU","2009-11-20 17:16:17 UTC",jo-2009-11-24.E01,,,
NTUSER.DAT,,"Software\Microsoft\Windows\ShellNoRoam\BagMRU","2009-11-20 19:05:06 UTC",jo-2009-11-24.E01,"2009-11-20 14:58:50 UTC","2009-11-20 04:45:26 UTC","2009-11-20 14:58:50 UTC"
NTUSER.DAT,,"Software\Microsoft\Windows\ShellNoRoam\BagMRU","2009-11-20 19:05:01 UTC",jo-2009-11-24.E01,"2009-11-20 14:59:56 UTC","2009-11-20 14:58:50 UTC","2009-11-20 14:59:56 UTC"
NTUSER.DAT,,"Software\Microsoft\Windows\ShellNoRoam\BagMRU","2009-11-20 19:05:01 UTC",jo-2009-11-24.E01,"2009-11-20 04:46:10 UTC","2009-11-20 14:58:52 UTC","2009-11-20 14:58:56 UTC"
NTUSER.DAT,,"Software\Microsoft\Windows\ShellNoRoam\BagMRU","2009-11-24 19:25:31 UTC",jo-2009-11-24.E01,,,
NTUSER.DAT,,"Software\Microsoft\Windows\ShellNoRoam\BagMRU",,jo-2009-11-24.E01,,,
NTUSER.DAT,,"Software\Microsoft\Windows\ShellNoRoam\BagMRU",,jo-2009-11-24.E01,"2009-11-23 13:24:40 UTC","2009-11-23 13:24:40 UTC","2009-11-23 13:24:40 UTC"
NTUSER.DAT,,"Software\Microsoft\Windows\ShellNoRoam\BagMRU",,jo-2009-11-24.E01,"2009-11-24 17:03:50 UTC","2009-11-24 17:03:36 UTC","2009-11-24 17:04:56 UTC"
NTUSER.DAT,,"Software\Microsoft\Windows\ShellNoRoam\BagMRU","2009-11-24 17:09:50 UTC",jo-2009-11-24.E01,"2009-11-24 17:03:36 UTC","2009-11-24 17:03:28 UTC","2009-11-24 17:04:56 UTC"
NTUSER.DAT,,"Software\Microsoft\Windows\ShellNoRoam\BagMRU",,jo-2009-11-24.E01,,,
NTUSER.DAT,,"Software\Microsoft\Windows\ShellNoRoam\BagMRU",,jo-2009-11-24.E01,"2009-11-23 16:54:56 UTC","2009-11-23 16:54:56 UTC","2009-11-23 16:54:56 UTC"
