"Source Name",URL,"Date Accessed",Title,"Program Name",Domain,"Data Source","Referrer URL"
places.sqlite,"http://www.microsoft.com/isapi/redir.dll?prd=Win2000&ar=WinUpdate","2009-11-20 19:53:32 UTC",redir.dll,"FireFox Analyzer",microsoft.com,jo-2009-11-24.E01,
places.sqlite,"http://windowsupdate.microsoft.com/","2009-11-20 19:53:29 UTC","Microsoft Windows Update","FireFox Analyzer",microsoft.com,jo-2009-11-24.E01,"http://www.microsoft.com/isapi/redir.dll?prd=Win2000&ar=WinUpdate"
places.sqlite,"http://windowsupdate.microsoft.com/","2009-11-20 19:53:32 UTC","Microsoft Windows Update","FireFox Analyzer",microsoft.com,jo-2009-11-24.E01,
places.sqlite,"http://update.microsoft.com/windowsupdate/v6/thanks.aspx?ln=en&&thankspage=5","2009-11-20 19:53:32 UTC","Microsoft Windows Update","FireFox Analyzer",microsoft.com,jo-2009-11-24.E01,"http://windowsupdate.microsoft.com/"
places.sqlite,"http://update.microsoft.com/windowsupdate/v6/thanks.aspx?ln=en&&thankspage=5","2009-11-20 19:53:32 UTC","Microsoft Windows Update","FireFox Analyzer",microsoft.com,jo-2009-11-24.E01,"http://windowsupdate.microsoft.com/"
places.sqlite,"http://en-us.www.mozilla.com/en-US/firefox/3.5.5/firstrun/","2009-11-20 22:19:49 UTC","Welcome to Firefox","FireFox Analyzer",mozilla.com,jo-2009-11-24.E01,
places.sqlite,"http://en-us.start3.mozilla.com/firefox?client=firefox-a&rls=org.mozilla:en-US:official","2009-11-20 22:19:49 UTC",firefox,"FireFox Analyzer",mozilla.com,jo-2009-11-24.E01,
places.sqlite,"http://www.google.com/firefox?client=firefox-a&rls=org.mozilla:en-US:official","2009-11-20 22:19:45 UTC","Mozilla Firefox Start Page","FireFox Analyzer",google.com,jo-2009-11-24.E01,"http://en-us.start3.mozilla.com/firefox?client=firefox-a&rls=org.mozilla:en-US:official"
places.sqlite,"http://www.webmail.m57.biz/","2009-11-20 22:20:14 UTC",www.webmail.m57.biz,"FireFox Analyzer",m57.biz,jo-2009-11-24.E01,
places.sqlite,"http://www.webmail.m57.biz/src/login.php","2009-11-20 22:20:11 UTC","SquirrelMail - Login","FireFox Analyzer",m57.biz,jo-2009-11-24.E01,"http://www.webmail.m57.biz/"
places.sqlite,"http://www.webmail.m57.biz/src/redirect.php","2009-11-20 22:20:26 UTC",redirect.php,"FireFox Analyzer",m57.biz,jo-2009-11-24.E01,"http://www.webmail.m57.biz/src/login.php"
places.sqlite,"http://www.webmail.m57.biz/src/webmail.php","2009-11-20 22:20:22 UTC","SquirrelMail 1.4.19","FireFox Analyzer",m57.biz,jo-2009-11-24.E01,"http://www.webmail.m57.biz/src/redirect.php"
places.sqlite,"http://www.webmail.m57.biz/src/signout.php","2009-11-20 22:30:25 UTC","SquirrelMail 1.4.19 - Signout","FireFox Analyzer",m57.biz,jo-2009-11-24.E01,
places.sqlite,"http://en-us.start3.mozilla.com/firefox?client=firefox-a&rls=org.mozilla:en-US:official","2009-11-23 18:10:10 UTC",firefox,"FireFox Analyzer",mozilla.com,jo-2009-11-24.E01,
places.sqlite,"http://www.google.com/firefox?client=firefox-a&rls=org.mozilla:en-US:official","2009-11-23 18:10:06 UTC","Mozilla Firefox Start Page","FireFox Analyzer",google.com,jo-2009-11-24.E01,"http://en-us.start3.mozilla.com/firefox?client=firefox-a&rls=org.mozilla:en-US:official"
places.sqlite,"http://en-us.start3.mozilla.com/firefox?client=firefox-a&rls=org.mozilla:en-US:official","2009-11-23 18:17:46 UTC",firefox,"FireFox Analyzer",mozilla.com,jo-2009-11-24.E01,
places.sqlite,"http://www.google.com/firefox?client=firefox-a&rls=org.mozilla:en-US:official","2009-11-23 18:17:43 UTC","Mozilla Firefox Start Page","FireFox Analyzer",google.com,jo-2009-11-24.E01,"http://en-us.start3.mozilla.com/firefox?client=firefox-a&rls=org.mozilla:en-US:official"
places.sqlite,"http://www.google.com/search?client=firefox-a&rls=org.mozilla%3Aen-US%3Aofficial&channel=s&hl=en&source=hp&q=mozrepl&btnG=Google+Search","2009-11-23 18:17:55 UTC","mozrepl - Google Search","FireFox Analyzer",google.com,jo-2009-11-24.E01,"http://www.google.com/firefox?client=firefox-a&rls=org.mozilla:en-US:official"
places.sqlite,"http://wiki.github.com/bard/mozrepl","2009-11-23 18:17:55 UTC","Home - mozrepl - GitHub","FireFox Analyzer",github.com,jo-2009-11-24.E01,"http://www.google.com/search?client=firefox-a&rls=org.mozilla%3Aen-US%3Aofficial&channel=s&hl=en&source=hp&q=mozrepl&btnG=Google+Search"
places.sqlite,"http://www.google.com/search?q=python&ie=utf-8&oe=utf-8&aq=t&rls=org.mozilla:en-US:official&client=firefox-a","2009-11-23 18:20:00 UTC","python - Google Search","FireFox Analyzer",google.com,jo-2009-11-24.E01,
places.sqlite,http://www.python.org/,"2009-11-23 18:20:06 UTC","Python Programming Language -- Official Website","FireFox Analyzer",python.org,jo-2009-11-24.E01,"http://www.google.com/search?q=python&ie=utf-8&oe=utf-8&aq=t&rls=org.mozilla:en-US:official&client=firefox-a"
places.sqlite,"http://www.python.org/download/","2009-11-23 18:20:11 UTC","Download Python","FireFox Analyzer",python.org,jo-2009-11-24.E01,http://www.python.org/
places.sqlite,"http://www.python.org/ftp/python/2.6.4/python-2.6.4.msi","2009-11-23 18:20:12 UTC",python-2.6.4.msi,"FireFox Analyzer",python.org,jo-2009-11-24.E01,"http://www.python.org/download/"
places.sqlite,"http://www.google.com/search?q=cnn&ie=utf-8&oe=utf-8&aq=t&rls=org.mozilla:en-US:official&client=firefox-a","2009-11-23 18:22:31 UTC","cnn - Google Search","FireFox Analyzer",google.com,jo-2009-11-24.E01,
places.sqlite,http://www.cnn.com/,"2009-11-23 18:22:31 UTC","CNN.com - Breaking News, U.S., World, Weather, Entertainment & Video News","FireFox Analyzer",cnn.com,jo-2009-11-24.E01,"http://www.google.com/search?q=cnn&ie=utf-8&oe=utf-8&aq=t&rls=org.mozilla:en-US:official&client=firefox-a"
places.sqlite,"http://en-us.start3.mozilla.com/firefox?client=firefox-a&rls=org.mozilla:en-US:official","2009-11-23 21:50:48 UTC",firefox,"FireFox Analyzer",mozilla.com,jo-2009-11-24.E01,
places.sqlite,"http://www.google.com/firefox?client=firefox-a&rls=org.mozilla:en-US:official","2009-11-23 21:50:45 UTC","Mozilla Firefox Start Page","FireFox Analyzer",google.com,jo-2009-11-24.E01,"http://en-us.start3.mozilla.com/firefox?client=firefox-a&rls=org.mozilla:en-US:official"
places.sqlite,"http://www.google.com/firefox?client=firefox-a&rls=org.mozilla:en-US:official","2009-11-23 21:57:39 UTC","Mozilla Firefox Start Page","FireFox Analyzer",google.com,jo-2009-11-24.E01,
places.sqlite,"http://www.google.com/firefox?client=firefox-a&rls=org.mozilla:en-US:official","2009-11-23 22:01:43 UTC","Mozilla Firefox Start Page","FireFox Analyzer",google.com,jo-2009-11-24.E01,
places.sqlite,"http://patft.uspto.gov/netacgi/nph-Parser?Sect1=PTO2&Sect2=HITOFF&p=1&u=%2Fnetahtml%2FPTO%2Fsearch-bool.html&r=2333091.2241637241&f=G&l=50&co1=AND&d=PTXT&s1=time&OS=time&RS=time","2009-11-23 22:02:28 UTC","United States Patent: 4428127","FireFox Analyzer",uspto.gov,jo-2009-11-24.E01,
places.sqlite,"http://patft.uspto.gov/netacgi/nph-Parser?Sect1=PTO2&Sect2=HITOFF&p=1&u=%2Fnetahtml%2FPTO%2Fsearch-bool.html&r=47144.682703717801&f=G&l=50&co1=AND&d=PTXT&s1=quantum&OS=quantum&RS=quantum","2009-11-23 22:02:45 UTC","United States Patent: 4622403","FireFox Analyzer",uspto.gov,jo-2009-11-24.E01,
places.sqlite,"http://patft.uspto.gov/netacgi/nph-Parser?Sect1=PTO2&Sect2=HITOFF&p=1&u=%2Fnetahtml%2FPTO%2Fsearch-bool.html&r=10307.134312057782&f=G&l=50&co1=AND&d=PTXT&s1=mortality&OS=mortality&RS=mortality","2009-11-23 22:07:37 UTC","United States Patent: 6491919","FireFox Analyzer",uspto.gov,jo-2009-11-24.E01,
places.sqlite,"http://patft.uspto.gov/netacgi/nph-Parser?Sect1=PTO2&Sect2=HITOFF&p=1&u=%2Fnetahtml%2FPTO%2Fsearch-bool.html&r=1910.9252804613341&f=G&l=50&co1=AND&d=PTXT&s1=cryptography&OS=cryptography&RS=cryptography","2009-11-23 22:09:50 UTC","United States Patent: 7370352","FireFox Analyzer",uspto.gov,jo-2009-11-24.E01,
places.sqlite,"http://patft.uspto.gov/netacgi/nph-Parser?Sect1=PTO2&Sect2=HITOFF&p=1&u=%2Fnetahtml%2FPTO%2Fsearch-bool.html&r=140113.21379161737&f=G&l=50&co1=AND&d=PTXT&s1=machine&OS=machine&RS=machine","2009-11-23 22:10:57 UTC","United States Patent: 6946182","FireFox Analyzer",uspto.gov,jo-2009-11-24.E01,
places.sqlite,"http://patft.uspto.gov/netacgi/nph-Parser?Sect1=PTO2&Sect2=HITOFF&p=1&u=%2Fnetahtml%2FPTO%2Fsearch-bool.html&r=7174.8873417933792&f=G&l=50&co1=AND&d=PTXT&s1=math&OS=math&RS=math","2009-11-23 22:11:00 UTC","United States Patent: 6489453","FireFox Analyzer",uspto.gov,jo-2009-11-24.E01,
places.sqlite,"http://patft.uspto.gov/netacgi/nph-Parser?Sect1=PTO2&Sect2=HITOFF&p=1&u=%2Fnetahtml%2FPTO%2Fsearch-bool.html&r=2007.5626222596588&f=G&l=50&co1=AND&d=PTXT&s1=time+machine&OS=time+machine&RS=time+machine","2009-11-23 22:15:37 UTC","United States Patent: 7618701","FireFox Analyzer",uspto.gov,jo-2009-11-24.E01,
places.sqlite,"http://patft.uspto.gov/netacgi/nph-Parser?Sect1=PTO2&Sect2=HITOFF&p=1&u=%2Fnetahtml%2FPTO%2Fsearch-bool.html&r=108.58870600928788&f=G&l=50&co1=AND&d=PTXT&s1=immortality&OS=immortality&RS=immortality","2009-11-23 22:15:50 UTC","United States Patent: 7030211","FireFox Analyzer",uspto.gov,jo-2009-11-24.E01,
places.sqlite,"http://patft.uspto.gov/netacgi/nph-Parser?Sect1=PTO2&Sect2=HITOFF&p=1&u=%2Fnetahtml%2FPTO%2Fsearch-bool.html&r=276.49108923357346&f=G&l=50&co1=AND&d=PTXT&s1=cryogenics&OS=cryogenics&RS=cryogenics","2009-11-23 22:20:41 UTC","United States Patent: 6740484","FireFox Analyzer",uspto.gov,jo-2009-11-24.E01,
places.sqlite,"http://patft.uspto.gov/netacgi/nph-Parser?Sect1=PTO2&Sect2=HITOFF&p=1&u=%2Fnetahtml%2FPTO%2Fsearch-bool.html&r=1594266.4869125867&f=G&l=50&co1=AND&d=PTXT&s1=time&OS=time&RS=time","2009-11-23 22:22:57 UTC","United States Patent: 5495969","FireFox Analyzer",uspto.gov,jo-2009-11-24.E01,
places.sqlite,"http://patft.uspto.gov/netacgi/nph-Parser?Sect1=PTO2&Sect2=HITOFF&p=1&u=%2Fnetahtml%2FPTO%2Fsearch-bool.html&r=27146.528263267635&f=G&l=50&co1=AND&d=PTXT&s1=quantum&OS=quantum&RS=quantum","2009-11-23 22:23:27 UTC","United States Patent: 6314189","FireFox Analyzer",uspto.gov,jo-2009-11-24.E01,
places.sqlite,"http://patft.uspto.gov/netacgi/nph-Parser?Sect1=PTO2&Sect2=HITOFF&p=1&u=%2Fnetahtml%2FPTO%2Fsearch-bool.html&r=25459.076633986508&f=G&l=50&co1=AND&d=PTXT&s1=mortality&OS=mortality&RS=mortality","2009-11-23 22:23:59 UTC","United States Patent: 4191773","FireFox Analyzer",uspto.gov,jo-2009-11-24.E01,
places.sqlite,"http://patft.uspto.gov/netacgi/nph-Parser?Sect1=PTO2&Sect2=HITOFF&p=1&u=%2Fnetahtml%2FPTO%2Fsearch-bool.html&r=3766.9492152693438&f=G&l=50&co1=AND&d=PTXT&s1=cryptography&OS=cryptography&RS=cryptography","2009-11-23 22:28:23 UTC","United States Patent: 7107248","FireFox Analyzer",uspto.gov,jo-2009-11-24.E01,
places.sqlite,"http://patft.uspto.gov/netacgi/nph-Parser?Sect1=PTO2&Sect2=HITOFF&p=1&u=%2Fnetahtml%2FPTO%2Fsearch-bool.html&r=268825.64853237401&f=G&l=50&co1=AND&d=PTXT&s1=machine&OS=machine&RS=machine","2009-11-23 22:30:42 UTC","United States Patent: 6233058","FireFox Analyzer",uspto.gov,jo-2009-11-24.E01,
places.sqlite,"http://patft.uspto.gov/netacgi/nph-Parser?Sect1=PTO2&Sect2=HITOFF&p=1&u=%2Fnetahtml%2FPTO%2Fsearch-bool.html&r=11190.375917200947&f=G&l=50&co1=AND&d=PTXT&s1=math&OS=math&RS=math","2009-11-23 22:34:06 UTC","United States Patent: 5557241","FireFox Analyzer",uspto.gov,jo-2009-11-24.E01,
places.sqlite,"http://patft.uspto.gov/netacgi/nph-Parser?Sect1=PTO2&Sect2=HITOFF&p=1&u=%2Fnetahtml%2FPTO%2Fsearch-bool.html&r=630.67815186778682&f=G&l=50&co1=AND&d=PTXT&s1=time+machine&OS=time+machine&RS=time+machine","2009-11-23 22:37:08 UTC","United States Patent: 7620370","FireFox Analyzer",uspto.gov,jo-2009-11-24.E01,
places.sqlite,"http://patft.uspto.gov/netacgi/nph-Parser?Sect1=PTO2&Sect2=HITOFF&p=1&u=%2Fnetahtml%2FPTO%2Fsearch-bool.html&r=146.69983478476459&f=G&l=50&co1=AND&d=PTXT&s1=immortality&OS=immortality&RS=immortality","2009-11-23 22:40:51 UTC","United States Patent: 6787318","FireFox Analyzer",uspto.gov,jo-2009-11-24.E01,
places.sqlite,"http://patft.uspto.gov/netacgi/nph-Parser?Sect1=PTO2&Sect2=HITOFF&p=1&u=%2Fnetahtml%2FPTO%2Fsearch-bool.html&r=1115.6181379041475&f=G&l=50&co1=AND&d=PTXT&s1=cryogenics&OS=cryogenics&RS=cryogenics","2009-11-23 22:43:24 UTC","United States Patent: 4754650","FireFox Analyzer",uspto.gov,jo-2009-11-24.E01,
places.sqlite,"http://patft.uspto.gov/netacgi/nph-Parser?Sect1=PTO2&Sect2=HITOFF&p=1&u=%2Fnetahtml%2FPTO%2Fsearch-bool.html&r=969530.3406542606&f=G&l=50&co1=AND&d=PTXT&s1=time&OS=time&RS=time","2009-11-23 22:48:17 UTC","United States Patent: 6351285","FireFox Analyzer",uspto.gov,jo-2009-11-24.E01,
places.sqlite,"http://patft.uspto.gov/netacgi/nph-Parser?Sect1=PTO2&Sect2=HITOFF&p=1&u=%2Fnetahtml%2FPTO%2Fsearch-bool.html&r=8342.1802018743365&f=G&l=50&co1=AND&d=PTXT&s1=quantum&OS=quantum&RS=quantum","2009-11-23 22:51:16 UTC","United States Patent: 7272507","FireFox Analyzer",uspto.gov,jo-2009-11-24.E01,
places.sqlite,"http://patft.uspto.gov/netacgi/nph-Parser?Sect1=PTO2&Sect2=HITOFF&p=1&u=%2Fnetahtml%2FPTO%2Fsearch-bool.html&r=19497.854577966729&f=G&l=50&co1=AND&d=PTXT&s1=mortality&OS=mortality&RS=mortality","2009-11-23 22:56:14 UTC","United States Patent: 5498602","FireFox Analyzer",uspto.gov,jo-2009-11-24.E01,
places.sqlite,"http://patft.uspto.gov/netacgi/nph-Parser?Sect1=PTO2&Sect2=HITOFF&p=1&u=%2Fnetahtml%2FPTO%2Fsearch-bool.html&r=2789.3052425485625&f=G&l=50&co1=AND&d=PTXT&s1=cryptography&OS=cryptography&RS=cryptography","2009-11-23 22:57:16 UTC","United States Patent: 7246096","FireFox Analyzer",uspto.gov,jo-2009-11-24.E01,
places.sqlite,"http://patft.uspto.gov/netacgi/nph-Parser?Sect1=PTO2&Sect2=HITOFF&p=1&u=%2Fnetahtml%2FPTO%2Fsearch-bool.html&r=2064.9361794725446&f=G&l=50&co1=AND&d=PTXT&s1=machine&OS=machine&RS=machine","2009-11-23 22:59:17 UTC","United States Patent: 7612066","FireFox Analyzer",uspto.gov,jo-2009-11-24.E01,
places.sqlite,"http://patft.uspto.gov/netacgi/nph-Parser?Sect1=PTO2&Sect2=HITOFF&p=1&u=%2Fnetahtml%2FPTO%2Fsearch-bool.html&r=6221.7647242879466&f=G&l=50&co1=AND&d=PTXT&s1=math&OS=math&RS=math","2009-11-23 23:02:24 UTC","United States Patent: 6684218","FireFox Analyzer",uspto.gov,jo-2009-11-24.E01,
places.sqlite,"http://patft.uspto.gov/netacgi/nph-Parser?Sect1=PTO2&Sect2=HITOFF&p=1&u=%2Fnetahtml%2FPTO%2Fsearch-bool.html&r=4495.9637870445285&f=G&l=50&co1=AND&d=PTXT&s1=time+machine&OS=time+machine&RS=time+machine","2009-11-23 23:06:15 UTC","United States Patent: 7615610","FireFox Analyzer",uspto.gov,jo-2009-11-24.E01,
places.sqlite,"http://patft.uspto.gov/netacgi/nph-Parser?Sect1=PTO2&Sect2=HITOFF&p=1&u=%2Fnetahtml%2FPTO%2Fsearch-bool.html&r=124.83527688785634&f=G&l=50&co1=AND&d=PTXT&s1=immortality&OS=immortality&RS=immortality","2009-11-23 23:08:52 UTC","United States Patent: 6921632","FireFox Analyzer",uspto.gov,jo-2009-11-24.E01,
places.sqlite,"http://patft.uspto.gov/netacgi/nph-Parser?Sect1=PTO2&Sect2=HITOFF&p=1&u=%2Fnetahtml%2FPTO%2Fsearch-bool.html&r=636.3849177097261&f=G&l=50&co1=AND&d=PTXT&s1=cryogenics&OS=cryogenics&RS=cryogenics","2009-11-23 23:13:26 UTC","United States Patent: 5787713","FireFox Analyzer",uspto.gov,jo-2009-11-24.E01,
places.sqlite,"http://patft.uspto.gov/netacgi/nph-Parser?Sect1=PTO2&Sect2=HITOFF&p=1&u=%2Fnetahtml%2FPTO%2Fsearch-bool.html&r=261977.38527534195&f=G&l=50&co1=AND&d=PTXT&s1=time&OS=time&RS=time","2009-11-23 23:16:46 UTC","United States Patent: 7286223","FireFox Analyzer",uspto.gov,jo-2009-11-24.E01,
places.sqlite,"http://patft.uspto.gov/netacgi/nph-Parser?Sect1=PTO2&Sect2=HITOFF&p=1&u=%2Fnetahtml%2FPTO%2Fsearch-bool.html&r=39413.254874559563&f=G&l=50&co1=AND&d=PTXT&s1=quantum&OS=quantum&RS=quantum","2009-11-23 23:17:47 UTC","United States Patent: 5384221","FireFox Analyzer",uspto.gov,jo-2009-11-24.E01,
places.sqlite,"http://patft.uspto.gov/netacgi/nph-Parser?Sect1=PTO2&Sect2=HITOFF&p=1&u=%2Fnetahtml%2FPTO%2Fsearch-bool.html&r=22663.652895400101&f=G&l=50&co1=AND&d=PTXT&s1=mortality&OS=mortality&RS=mortality","2009-11-23 23:22:33 UTC","United States Patent: 4880832","FireFox Analyzer",uspto.gov,jo-2009-11-24.E01,
places.sqlite,"http://patft.uspto.gov/netacgi/nph-Parser?Sect1=PTO2&Sect2=HITOFF&p=1&u=%2Fnetahtml%2FPTO%2Fsearch-bool.html&r=1192.5355646806167&f=G&l=50&co1=AND&d=PTXT&s1=cryptography&OS=cryptography&RS=cryptography","2009-11-23 23:25:28 UTC","United States Patent: 7469050","FireFox Analyzer",uspto.gov,jo-2009-11-24.E01,
places.sqlite,"http://patft.uspto.gov/netacgi/nph-Parser?Sect1=PTO2&Sect2=HITOFF&p=1&u=%2Fnetahtml%2FPTO%2Fsearch-bool.html&r=157996.73804209079&f=G&l=50&co1=AND&d=PTXT&s1=machine&OS=machine&RS=machine","2009-11-23 23:27:31 UTC","United States Patent: 6851523","FireFox Analyzer",uspto.gov,jo-2009-11-24.E01,
places.sqlite,"http://patft.uspto.gov/netacgi/nph-Parser?Sect1=PTO2&Sect2=HITOFF&p=1&u=%2Fnetahtml%2FPTO%2Fsearch-bool.html&r=46.842946131574962&f=G&l=50&co1=AND&d=PTXT&s1=math&OS=math&RS=math","2009-11-23 23:30:23 UTC","United States Patent: 7615357","FireFox Analyzer",uspto.gov,jo-2009-11-24.E01,
places.sqlite,"http://patft.uspto.gov/netacgi/nph-Parser?Sect1=PTO2&Sect2=HITOFF&p=1&u=%2Fnetahtml%2FPTO%2Fsearch-bool.html&r=2304.7163117683044&f=G&l=50&co1=AND&d=PTXT&s1=time+machine&OS=time+machine&RS=time+machine","2009-11-23 23:33:23 UTC","United States Patent: 7618314","FireFox Analyzer",uspto.gov,jo-2009-11-24.E01,
places.sqlite,"http://patft.uspto.gov/netacgi/nph-Parser?Sect1=PTO2&Sect2=HITOFF&p=1&u=%2Fnetahtml%2FPTO%2Fsearch-bool.html&r=308.02420442925148&f=G&l=50&co1=AND&d=PTXT&s1=immortality&OS=immortality&RS=immortality","2009-11-23 23:35:50 UTC","United States Patent: 5840845","FireFox Analyzer",uspto.gov,jo-2009-11-24.E01,
places.sqlite,"http://patft.uspto.gov/netacgi/nph-Parser?Sect1=PTO2&Sect2=HITOFF&p=1&u=%2Fnetahtml%2FPTO%2Fsearch-bool.html&r=1055.5880391005985&f=G&l=50&co1=AND&d=PTXT&s1=cryogenics&OS=cryogenics&RS=cryogenics","2009-11-23 23:39:02 UTC","United States Patent: 4924198","FireFox Analyzer",uspto.gov,jo-2009-11-24.E01,
places.sqlite,"http://patft.uspto.gov/netacgi/nph-Parser?Sect1=PTO2&Sect2=HITOFF&p=1&u=%2Fnetahtml%2FPTO%2Fsearch-bool.html&r=1389375.6120519841&f=G&l=50&co1=AND&d=PTXT&s1=time&OS=time&RS=time","2009-11-23 23:43:14 UTC","United States Patent: 5778506","FireFox Analyzer",uspto.gov,jo-2009-11-24.E01,
places.sqlite,"http://patft.uspto.gov/netacgi/nph-Parser?Sect1=PTO2&Sect2=HITOFF&p=1&u=%2Fnetahtml%2FPTO%2Fsearch-bool.html&r=30477.832451216673&f=G&l=50&co1=AND&d=PTXT&s1=quantum&OS=quantum&RS=quantum","2009-11-23 23:47:29 UTC","United States Patent: 6064682","FireFox Analyzer",uspto.gov,jo-2009-11-24.E01,
places.sqlite,"http://patft.uspto.gov/netacgi/nph-Parser?Sect1=PTO2&Sect2=HITOFF&p=1&u=%2Fnetahtml%2FPTO%2Fsearch-bool.html&r=16750.440348338256&f=G&l=50&co1=AND&d=PTXT&s1=mortality&OS=mortality&RS=mortality","2009-11-23 23:49:16 UTC","United States Patent: 5827832","FireFox Analyzer",uspto.gov,jo-2009-11-24.E01,
places.sqlite,"http://patft.uspto.gov/netacgi/nph-Parser?Sect1=PTO2&Sect2=HITOFF&p=1&u=%2Fnetahtml%2FPTO%2Fsearch-bool.html&r=8083.0837624170108&f=G&l=50&co1=AND&d=PTXT&s1=cryptography&OS=cryptography&RS=cryptography","2009-11-23 23:52:32 UTC","United States Patent: 5414833","FireFox Analyzer",uspto.gov,jo-2009-11-24.E01,
places.sqlite,"http://patft.uspto.gov/netacgi/nph-Parser?Sect1=PTO2&Sect2=HITOFF&p=1&u=%2Fnetahtml%2FPTO%2Fsearch-bool.html&r=6282.9072180848716&f=G&l=50&co1=AND&d=PTXT&s1=math&OS=math&RS=math","2009-11-23 23:56:41 UTC","United States Patent: 6671294","FireFox Analyzer",uspto.gov,jo-2009-11-24.E01,
places.sqlite,"http://patft.uspto.gov/netacgi/nph-Parser?Sect1=PTO2&Sect2=HITOFF&p=1&u=%2Fnetahtml%2FPTO%2Fsearch-bool.html&r=334.38086082386644&f=G&l=50&co1=AND&d=PTXT&s1=immortality&OS=immortality&RS=immortality","2009-11-24 00:00:57 UTC","United States Patent: 5707795","FireFox Analyzer",uspto.gov,jo-2009-11-24.E01,
places.sqlite,"http://en-us.start3.mozilla.com/firefox?client=firefox-a&rls=org.mozilla:en-US:official","2009-11-24 18:51:11 UTC",firefox,"FireFox Analyzer",mozilla.com,jo-2009-11-24.E01,
places.sqlite,"http://www.google.com/firefox?client=firefox-a&rls=org.mozilla:en-US:official","2009-11-24 18:51:06 UTC","Mozilla Firefox Start Page","FireFox Analyzer",google.com,jo-2009-11-24.E01,"http://en-us.start3.mozilla.com/firefox?client=firefox-a&rls=org.mozilla:en-US:official"
places.sqlite,"http://patft.uspto.gov/netacgi/nph-Parser?Sect1=PTO2&Sect2=HITOFF&p=1&u=%2Fnetahtml%2FPTO%2Fsearch-bool.html&r=1461379.6680516195&f=G&l=50&co1=AND&d=PTXT&s1=time&OS=time&RS=time","2009-11-24 18:55:46 UTC","United States Patent: 5682806","FireFox Analyzer",uspto.gov,jo-2009-11-24.E01,
places.sqlite,"http://patft.uspto.gov/netacgi/nph-Parser?Sect1=PTO2&Sect2=HITOFF&p=1&u=%2Fnetahtml%2FPTO%2Fsearch-bool.html&r=11578.923542331864&f=G&l=50&co1=AND&d=PTXT&s1=quantum&OS=quantum&RS=quantum","2009-11-24 18:55:59 UTC","United States Patent: 7133428","FireFox Analyzer",uspto.gov,jo-2009-11-24.E01,
places.sqlite,"http://patft.uspto.gov/netacgi/nph-Parser?Sect1=PTO2&Sect2=HITOFF&p=1&u=%2Fnetahtml%2FPTO%2Fsearch-bool.html&r=4067.5735657905166&f=G&l=50&co1=AND&d=PTXT&s1=mortality&OS=mortality&RS=mortality","2009-11-24 19:00:06 UTC","United States Patent: 7204983","FireFox Analyzer",uspto.gov,jo-2009-11-24.E01,
places.sqlite,"http://patft.uspto.gov/netacgi/nph-Parser?Sect1=PTO2&Sect2=HITOFF&p=1&u=%2Fnetahtml%2FPTO%2Fsearch-bool.html&r=8094.8427279408616&f=G&l=50&co1=AND&d=PTXT&s1=cryptography&OS=cryptography&RS=cryptography","2009-11-24 19:01:29 UTC","United States Patent: 5432506","FireFox Analyzer",uspto.gov,jo-2009-11-24.E01,
places.sqlite,"http://patft.uspto.gov/netacgi/nph-Parser?Sect1=PTO2&Sect2=HITOFF&p=1&u=%2Fnetahtml%2FPTO%2Fsearch-bool.html&r=176176.52840853573&f=G&l=50&co1=AND&d=PTXT&s1=machine&OS=machine&RS=machine","2009-11-24 19:05:19 UTC","United States Patent: 6756822","FireFox Analyzer",uspto.gov,jo-2009-11-24.E01,
places.sqlite,"http://patft.uspto.gov/netacgi/nph-Parser?Sect1=PTO2&Sect2=HITOFF&p=1&u=%2Fnetahtml%2FPTO%2Fsearch-bool.html&r=11316.220315789758&f=G&l=50&co1=AND&d=PTXT&s1=math&OS=math&RS=math","2009-11-24 19:06:30 UTC","United States Patent: 5522019","FireFox Analyzer",uspto.gov,jo-2009-11-24.E01,
places.sqlite,"http://patft.uspto.gov/netacgi/nph-Parser?Sect1=PTO2&Sect2=HITOFF&p=1&u=%2Fnetahtml%2FPTO%2Fsearch-bool.html&r=161.41207168026713&f=G&l=50&co1=AND&d=PTXT&s1=immortality&OS=immortality&RS=immortality","2009-11-24 19:09:42 UTC","United States Patent: 6714037","FireFox Analyzer",uspto.gov,jo-2009-11-24.E01,
places.sqlite,"http://patft.uspto.gov/netacgi/nph-Parser?Sect1=PTO2&Sect2=HITOFF&p=1&u=%2Fnetahtml%2FPTO%2Fsearch-bool.html&r=688.16774231958743&f=G&l=50&co1=AND&d=PTXT&s1=cryogenics&OS=cryogenics&RS=cryogenics","2009-11-24 19:10:26 UTC","United States Patent: 5667650","FireFox Analyzer",uspto.gov,jo-2009-11-24.E01,
places.sqlite,"http://patft.uspto.gov/netacgi/nph-Parser?Sect1=PTO2&Sect2=HITOFF&p=1&u=%2Fnetahtml%2FPTO%2Fsearch-bool.html&r=2560139.6795586897&f=G&l=50&co1=AND&d=PTXT&s1=time&OS=time&RS=time","2009-11-24 19:13:17 UTC","United States Patent: 4095086","FireFox Analyzer",uspto.gov,jo-2009-11-24.E01,
places.sqlite,"http://patft.uspto.gov/netacgi/nph-Parser?Sect1=PTO2&Sect2=HITOFF&p=1&u=%2Fnetahtml%2FPTO%2Fsearch-bool.html&r=42897.199889410382&f=G&l=50&co1=AND&d=PTXT&s1=quantum&OS=quantum&RS=quantum","2009-11-24 19:14:49 UTC","United States Patent: 5107514","FireFox Analyzer",uspto.gov,jo-2009-11-24.E01,
places.sqlite,"http://patft.uspto.gov/netacgi/nph-Parser?Sect1=PTO2&Sect2=HITOFF&p=1&u=%2Fnetahtml%2FPTO%2Fsearch-bool.html&r=6357.0083079735614&f=G&l=50&co1=AND&d=PTXT&s1=mortality&OS=mortality&RS=mortality","2009-11-24 19:16:00 UTC","United States Patent: 6946453","FireFox Analyzer",uspto.gov,jo-2009-11-24.E01,
places.sqlite,"http://patft.uspto.gov/netacgi/nph-Parser?Sect1=PTO2&Sect2=HITOFF&p=1&u=%2Fnetahtml%2FPTO%2Fsearch-bool.html&r=6127.9111113641375&f=G&l=50&co1=AND&d=PTXT&s1=cryptography&OS=cryptography&RS=cryptography","2009-11-24 19:16:04 UTC","United States Patent: 6505086","FireFox Analyzer",uspto.gov,jo-2009-11-24.E01,
places.sqlite,"http://patft.uspto.gov/netacgi/nph-Parser?Sect1=PTO2&Sect2=HITOFF&p=1&u=%2Fnetahtml%2FPTO%2Fsearch-bool.html&r=317730.0158189169&f=G&l=50&co1=AND&d=PTXT&s1=machine&OS=machine&RS=machine","2009-11-24 19:16:49 UTC","United States Patent: 5957078","FireFox Analyzer",uspto.gov,jo-2009-11-24.E01,
places.sqlite,"http://patft.uspto.gov/netacgi/nph-Parser?Sect1=PTO2&Sect2=HITOFF&p=1&u=%2Fnetahtml%2FPTO%2Fsearch-bool.html&r=9634.3953487282142&f=G&l=50&co1=AND&d=PTXT&s1=math&OS=math&RS=math","2009-11-24 19:21:11 UTC","United States Patent: 5978648","FireFox Analyzer",uspto.gov,jo-2009-11-24.E01,
places.sqlite,"http://patft.uspto.gov/netacgi/nph-Parser?Sect1=PTO2&Sect2=HITOFF&p=1&u=%2Fnetahtml%2FPTO%2Fsearch-bool.html&r=1074.7805150089141&f=G&l=50&co1=AND&d=PTXT&s1=time+machine&OS=time+machine&RS=time+machine","2009-11-24 19:25:52 UTC","United States Patent: 7623325","FireFox Analyzer",uspto.gov,jo-2009-11-24.E01,
places.sqlite,"http://patft.uspto.gov/netacgi/nph-Parser?Sect1=PTO2&Sect2=HITOFF&p=1&u=%2Fnetahtml%2FPTO%2Fsearch-bool.html&r=228.8342879450062&f=G&l=50&co1=AND&d=PTXT&s1=immortality&OS=immortality&RS=immortality","2009-11-24 19:29:27 UTC","United States Patent: 6375993","FireFox Analyzer",uspto.gov,jo-2009-11-24.E01,
places.sqlite,"http://patft.uspto.gov/netacgi/nph-Parser?Sect1=PTO2&Sect2=HITOFF&p=1&u=%2Fnetahtml%2FPTO%2Fsearch-bool.html&r=980.78354770232227&f=G&l=50&co1=AND&d=PTXT&s1=cryogenics&OS=cryogenics&RS=cryogenics","2009-11-24 19:30:00 UTC","United States Patent: RE33878","FireFox Analyzer",uspto.gov,jo-2009-11-24.E01,
places.sqlite,"http://patft.uspto.gov/netacgi/nph-Parser?Sect1=PTO2&Sect2=HITOFF&p=1&u=%2Fnetahtml%2FPTO%2Fsearch-bool.html&r=653164.64565184293&f=G&l=50&co1=AND&d=PTXT&s1=time&OS=time&RS=time","2009-11-24 19:32:21 UTC","United States Patent: 6778824","FireFox Analyzer",uspto.gov,jo-2009-11-24.E01,
places.sqlite,"http://patft.uspto.gov/netacgi/nph-Parser?Sect1=PTO2&Sect2=HITOFF&p=1&u=%2Fnetahtml%2FPTO%2Fsearch-bool.html&r=40577.327528325404&f=G&l=50&co1=AND&d=PTXT&s1=quantum&OS=quantum&RS=quantum","2009-11-24 19:35:50 UTC","United States Patent: 5304228","FireFox Analyzer",uspto.gov,jo-2009-11-24.E01,
places.sqlite,"http://patft.uspto.gov/netacgi/nph-Parser?Sect1=PTO2&Sect2=HITOFF&p=1&u=%2Fnetahtml%2FPTO%2Fsearch-bool.html&r=14440.059245070546&f=G&l=50&co1=AND&d=PTXT&s1=mortality&OS=mortality&RS=mortality","2009-11-24 19:37:07 UTC","United States Patent: 6060311","FireFox Analyzer",uspto.gov,jo-2009-11-24.E01,
places.sqlite,"http://patft.uspto.gov/netacgi/nph-Parser?Sect1=PTO2&Sect2=HITOFF&p=1&u=%2Fnetahtml%2FPTO%2Fsearch-bool.html&r=3285.3390179142757&f=G&l=50&co1=AND&d=PTXT&s1=cryptography&OS=cryptography&RS=cryptography","2009-11-24 19:41:41 UTC","United States Patent: 7181016","FireFox Analyzer",uspto.gov,jo-2009-11-24.E01,
places.sqlite,"http://patft.uspto.gov/netacgi/nph-Parser?Sect1=PTO2&Sect2=HITOFF&p=1&u=%2Fnetahtml%2FPTO%2Fsearch-bool.html&r=418800.45174669905&f=G&l=50&co1=AND&d=PTXT&s1=machine&OS=machine&RS=machine","2009-11-24 19:44:25 UTC","United States Patent: 5360572","FireFox Analyzer",uspto.gov,jo-2009-11-24.E01,
places.sqlite,"http://patft.uspto.gov/netacgi/nph-Parser?Sect1=PTO2&Sect2=HITOFF&p=1&u=%2Fnetahtml%2FPTO%2Fsearch-bool.html&r=3341.7010741246572&f=G&l=50&co1=AND&d=PTXT&s1=math&OS=math&RS=math","2009-11-24 19:46:33 UTC","United States Patent: 7171672","FireFox Analyzer",uspto.gov,jo-2009-11-24.E01,
places.sqlite,"http://patft.uspto.gov/netacgi/nph-Parser?Sect1=PTO2&Sect2=HITOFF&p=1&u=%2Fnetahtml%2FPTO%2Fsearch-bool.html&r=43.247325366978181&f=G&l=50&co1=AND&d=PTXT&s1=immortality&OS=immortality&RS=immortality","2009-11-24 19:49:38 UTC","United States Patent: 7416746","FireFox Analyzer",uspto.gov,jo-2009-11-24.E01,
places.sqlite,"http://patft.uspto.gov/netacgi/nph-Parser?Sect1=PTO2&Sect2=HITOFF&p=1&u=%2Fnetahtml%2FPTO%2Fsearch-bool.html&r=1229.834956961738&f=G&l=50&co1=AND&d=PTXT&s1=cryogenics&OS=cryogenics&RS=cryogenics","2009-11-24 19:52:46 UTC","United States Patent: 4447670","FireFox Analyzer",uspto.gov,jo-2009-11-24.E01,
places.sqlite,"http://patft.uspto.gov/netacgi/nph-Parser?Sect1=PTO2&Sect2=HITOFF&p=1&u=%2Fnetahtml%2FPTO%2Fsearch-bool.html&r=1013758.0698565213&f=G&l=50&co1=AND&d=PTXT&s1=time&OS=time&RS=time","2009-11-24 19:54:37 UTC","United States Patent: 6295538","FireFox Analyzer",uspto.gov,jo-2009-11-24.E01,
places.sqlite,"http://patft.uspto.gov/netacgi/nph-Parser?Sect1=PTO2&Sect2=HITOFF&p=1&u=%2Fnetahtml%2FPTO%2Fsearch-bool.html&r=11830.021019693628&f=G&l=50&co1=AND&d=PTXT&s1=quantum&OS=quantum&RS=quantum","2009-11-24 19:57:12 UTC","United States Patent: 7122857","FireFox Analyzer",uspto.gov,jo-2009-11-24.E01,
places.sqlite,"http://patft.uspto.gov/netacgi/nph-Parser?Sect1=PTO2&Sect2=HITOFF&p=1&u=%2Fnetahtml%2FPTO%2Fsearch-bool.html&r=24823.776339087315&f=G&l=50&co1=AND&d=PTXT&s1=mortality&OS=mortality&RS=mortality","2009-11-24 19:59:25 UTC","United States Patent: 4341798","FireFox Analyzer",uspto.gov,jo-2009-11-24.E01,
places.sqlite,"http://patft.uspto.gov/netacgi/nph-Parser?Sect1=PTO2&Sect2=HITOFF&p=1&u=%2Fnetahtml%2FPTO%2Fsearch-bool.html&r=5648.611559378136&f=G&l=50&co1=AND&d=PTXT&s1=cryptography&OS=cryptography&RS=cryptography","2009-11-24 19:59:41 UTC","United States Patent: 6694434","FireFox Analyzer",uspto.gov,jo-2009-11-24.E01,
places.sqlite,"http://patft.uspto.gov/netacgi/nph-Parser?Sect1=PTO2&Sect2=HITOFF&p=1&u=%2Fnetahtml%2FPTO%2Fsearch-bool.html&r=86317.630970629878&f=G&l=50&co1=AND&d=PTXT&s1=machine&OS=machine&RS=machine","2009-11-24 20:02:50 UTC","United States Patent: 7217364","FireFox Analyzer",uspto.gov,jo-2009-11-24.E01,
places.sqlite,"http://patft.uspto.gov/netacgi/nph-Parser?Sect1=PTO2&Sect2=HITOFF&p=1&u=%2Fnetahtml%2FPTO%2Fsearch-bool.html&r=86317.630970629878&f=G&l=50&co1=AND&d=PTXT&s1=machine&OS=machine&RS=machine","2009-11-24 21:00:54 UTC","United States Patent: 7217364","FireFox Analyzer",uspto.gov,jo-2009-11-24.E01,
places.sqlite,"http://patft.uspto.gov/netacgi/********************************************************","2009-11-24 21:03:30 UTC","Not Found","FireFox Analyzer",uspto.gov,jo-2009-11-24.E01,
places.sqlite,"http://patft.uspto.gov/netacgi/docCrawler%20will%20discover%20documents%20for%201%20minutes","2009-11-24 21:07:22 UTC","Not Found","FireFox Analyzer",uspto.gov,jo-2009-11-24.E01,
places.sqlite,"http://patft.uspto.gov/netacgi/docCrawler%20will%20discover%20documents%20for%201%20minutes","2009-11-24 21:09:43 UTC","Not Found","FireFox Analyzer",uspto.gov,jo-2009-11-24.E01,
places.sqlite,"http://patft.uspto.gov/netacgi/********************************************************","2009-11-24 21:14:03 UTC","Not Found","FireFox Analyzer",uspto.gov,jo-2009-11-24.E01,
places.sqlite,"http://usms.nist.gov/resources/MNs/MNspreadsheetTagged.csv","2009-11-24 21:17:41 UTC",MNspreadsheetTagged.csv,"FireFox Analyzer",nist.gov,jo-2009-11-24.E01,
places.sqlite,"http://www.easc.noaa.gov/Security/webfile/erso.doc.gov/briefings/STU.doc","2009-11-24 21:18:18 UTC",STU.doc,"FireFox Analyzer",noaa.gov,jo-2009-11-24.E01,
places.sqlite,"http://patft.uspto.gov/netacgi/nph-Parser?Sect1=PTO2&Sect2=HITOFF&p=1&u=%2Fnetahtml%2FPTO%2Fsearch-bool.html&r=682252.23111751815&f=G&l=50&co1=AND&d=PTXT&s1=time&OS=time&RS=time","2009-11-24 22:04:40 UTC","United States Patent: 6740235","FireFox Analyzer",uspto.gov,jo-2009-11-24.E01,
places.sqlite,"http://www.google.com/search?q=quicktime&ie=utf-8&oe=utf-8&aq=t&rls=org.mozilla:en-US:official&client=firefox-a","2009-11-24 22:08:23 UTC","quicktime - Google Search","FireFox Analyzer",google.com,jo-2009-11-24.E01,
places.sqlite,"http://www.google.com/aclk?sa=l&ai=C5oDHM1kMS834HJu0tQPt3_CwBb3rpUvFkPapEMjdzhYIABABILZUKANQ1pnd7Adgye7shsij9BmgAYvVqvIDyAEBqgQTT9Ac0BSWaqGQmUt2HkC8vhdmjQ&ggladgrp=9786312967136589998&gglcreat=1264033376526152969&sig=AGiWqtyhox5-0I4hwCppJUt2JM8PH8HBhA&q=http://Quicktime.7-n0w.com","2009-11-24 22:08:23 UTC",aclk,"FireFox Analyzer",google.com,jo-2009-11-24.E01,"http://www.google.com/search?q=quicktime&ie=utf-8&oe=utf-8&aq=t&rls=org.mozilla:en-US:official&client=firefox-a"
places.sqlite,"http://www.googleadservices.com/pagead/aclk?sa=L&ai=C5oDHM1kMS834HJu0tQPt3_CwBb3rpUvFkPapEMjdzhYIABABILZUKANQ1pnd7Adgye7shsij9BmgAYvVqvIDyAEBqgQTT9Ac0BSWaqGQmUt2HkC8vhdmjQ&ggladgrp=9786312967136589998&gglcreat=1264033376526152969&val=ChA4MGY2M2IyYjI5ZWUzNTI3EOernNgEGghAHZqo1ya1uyABKAAw9oXetOeLuZUO&sig=AGiWqtyqfi-6WedruzrrXBpjENxLTvxpgA&adurl=http://Quicktime.7-n0w.com","2009-11-24 22:08:21 UTC",aclk,"FireFox Analyzer",googleadservices.com,jo-2009-11-24.E01,"http://www.google.com/aclk?sa=l&ai=C5oDHM1kMS834HJu0tQPt3_CwBb3rpUvFkPapEMjdzhYIABABILZUKANQ1pnd7Adgye7shsij9BmgAYvVqvIDyAEBqgQTT9Ac0BSWaqGQmUt2HkC8vhdmjQ&ggladgrp=9786312967136589998&gglcreat=1264033376526152969&sig=AGiWqtyhox5-0I4hwCppJUt2JM8PH8HBhA&q=http://Quicktime.7-n0w.com"
places.sqlite,"http://quicktime.7-n0w.com/","2009-11-24 22:08:21 UTC","Quicktime 7 - Download Now!","FireFox Analyzer",7-n0w.com,jo-2009-11-24.E01,"http://www.googleadservices.com/pagead/aclk?sa=L&ai=C5oDHM1kMS834HJu0tQPt3_CwBb3rpUvFkPapEMjdzhYIABABILZUKANQ1pnd7Adgye7shsij9BmgAYvVqvIDyAEBqgQTT9Ac0BSWaqGQmUt2HkC8vhdmjQ&ggladgrp=9786312967136589998&gglcreat=1264033376526152969&val=ChA4MGY2M2IyYjI5ZWUzNTI3EOernNgEGghAHZqo1ya1uyABKAAw9oXetOeLuZUO&sig=AGiWqtyqfi-6WedruzrrXBpjENxLTvxpgA&adurl=http://Quicktime.7-n0w.com"
places.sqlite,"http://www.apple.com/quicktime/download/","2009-11-24 22:08:26 UTC","Apple - QuickTime - Download","FireFox Analyzer",apple.com,jo-2009-11-24.E01,"http://www.google.com/search?q=quicktime&ie=utf-8&oe=utf-8&aq=t&rls=org.mozilla:en-US:official&client=firefox-a"
places.sqlite,"https://swdlp.apple.com/cgi-bin/WebObjects/SoftwareDownloadApp.woa/1663/wo/sdRq6jym7vuJWtaizyXPnw/2.5","2009-11-24 22:08:36 UTC","Apple - Download - Thank you","FireFox Analyzer",apple.com,jo-2009-11-24.E01,
places.sqlite,"http://appldnld.apple.com.edgesuite.net/content.info.apple.com/QuickTime/061-7356.20091118.Puyt6/QuickTimeInstaller.exe","2009-11-24 22:08:36 UTC",QuickTimeInstaller.exe,"FireFox Analyzer",edgesuite.net,jo-2009-11-24.E01,"https://swdlp.apple.com/cgi-bin/WebObjects/SoftwareDownloadApp.woa/1663/wo/sdRq6jym7vuJWtaizyXPnw/2.5"
places.sqlite,"http://patft.uspto.gov/netacgi/nph-Parser?Sect1=PTO2&Sect2=HITOFF&p=1&u=%2Fnetahtml%2FPTO%2Fsearch-bool.html&r=7299.2614839051575&f=G&l=50&co1=AND&d=PTXT&s1=quantum&OS=quantum&RS=quantum","2009-11-24 22:08:51 UTC","United States Patent: 7323561","FireFox Analyzer",uspto.gov,jo-2009-11-24.E01,
places.sqlite,"http://patft.uspto.gov/netacgi/nph-Parser?Sect1=PTO2&Sect2=HITOFF&p=1&u=%2Fnetahtml%2FPTO%2Fsearch-bool.html&r=1604.2464789540661&f=G&l=50&co1=AND&d=PTXT&s1=cryptography&OS=cryptography&RS=cryptography","2009-11-24 22:12:18 UTC","United States Patent: 7415608","FireFox Analyzer",uspto.gov,jo-2009-11-24.E01,
places.sqlite,"http://patft.uspto.gov/netacgi/nph-Parser?Sect1=PTO2&Sect2=HITOFF&p=1&u=%2Fnetahtml%2FPTO%2Fsearch-bool.html&r=319.01606044738213&f=G&l=50&co1=AND&d=PTXT&s1=immortality&OS=immortality&RS=immortality","2009-11-24 22:22:55 UTC","United States Patent: 5830651","FireFox Analyzer",uspto.gov,jo-2009-11-24.E01,
places.sqlite,"http://patft.uspto.gov/netacgi/nph-Parser?Sect1=PTO2&Sect2=HITOFF&p=1&u=%2Fnetahtml%2FPTO%2Fsearch-bool.html&r=194.92684547197155&f=G&l=50&co1=AND&d=PTXT&s1=cryogenics&OS=cryogenics&RS=cryogenics","2009-11-24 22:23:47 UTC","United States Patent: 7002341","FireFox Analyzer",uspto.gov,jo-2009-11-24.E01,
places.sqlite,"http://patft.uspto.gov/netacgi/nph-Parser?Sect1=PTO2&Sect2=HITOFF&p=1&u=%2Fnetahtml%2FPTO%2Fsearch-bool.html&r=1135911.9808170164&f=G&l=50&co1=AND&d=PTXT&s1=time&OS=time&RS=time","2009-11-24 22:27:18 UTC","United States Patent: 6129148","FireFox Analyzer",uspto.gov,jo-2009-11-24.E01,
places.sqlite,"http://patft.uspto.gov/netacgi/nph-Parser?Sect1=PTO2&Sect2=HITOFF&p=1&u=%2Fnetahtml%2FPTO%2Fsearch-bool.html&r=2337.0765902255944&f=G&l=50&co1=AND&d=PTXT&s1=quantum&OS=quantum&RS=quantum","2009-11-24 22:28:20 UTC","United States Patent: 7529784","FireFox Analyzer",uspto.gov,jo-2009-11-24.E01,
places.sqlite,"http://patft.uspto.gov/netacgi/nph-Parser?Sect1=PTO2&Sect2=HITOFF&p=1&u=%2Fnetahtml%2FPTO%2Fsearch-bool.html&r=15724.572172740867&f=G&l=50&co1=AND&d=PTXT&s1=mortality&OS=mortality&RS=mortality","2009-11-24 22:30:27 UTC","United States Patent: 5930760","FireFox Analyzer",uspto.gov,jo-2009-11-24.E01,
places.sqlite,"http://patft.uspto.gov/netacgi/nph-Parser?Sect1=PTO2&Sect2=HITOFF&p=1&u=%2Fnetahtml%2FPTO%2Fsearch-bool.html&r=6369.4739224741343&f=G&l=50&co1=AND&d=PTXT&s1=cryptography&OS=cryptography&RS=cryptography","2009-11-24 22:30:37 UTC","United States Patent: 6398245","FireFox Analyzer",uspto.gov,jo-2009-11-24.E01,
places.sqlite,"http://patft.uspto.gov/netacgi/nph-Parser?Sect1=PTO2&Sect2=HITOFF&p=1&u=%2Fnetahtml%2FPTO%2Fsearch-bool.html&r=142042.81001858527&f=G&l=50&co1=AND&d=PTXT&s1=machine&OS=machine&RS=machine","2009-11-24 22:34:29 UTC","United States Patent: 6940045","FireFox Analyzer",uspto.gov,jo-2009-11-24.E01,
places.sqlite,"http://patft.uspto.gov/netacgi/nph-Parser?Sect1=PTO2&Sect2=HITOFF&p=1&u=%2Fnetahtml%2FPTO%2Fsearch-bool.html&r=11480.921749825098&f=G&l=50&co1=AND&d=PTXT&s1=math&OS=math&RS=math","2009-11-24 22:39:12 UTC","United States Patent: 5468088","FireFox Analyzer",uspto.gov,jo-2009-11-24.E01,
places.sqlite,"http://patft.uspto.gov/netacgi/nph-Parser?Sect1=PTO2&Sect2=HITOFF&p=1&u=%2Fnetahtml%2FPTO%2Fsearch-bool.html&r=87.837942808715084&f=G&l=50&co1=AND&d=PTXT&s1=time+machine&OS=time+machine&RS=time+machine","2009-11-24 22:41:43 UTC","United States Patent: 7624405","FireFox Analyzer",uspto.gov,jo-2009-11-24.E01,
places.sqlite,"http://patft.uspto.gov/netacgi/nph-Parser?Sect1=PTO2&Sect2=HITOFF&p=1&u=%2Fnetahtml%2FPTO%2Fsearch-bool.html&r=79.417071297297269&f=G&l=50&co1=AND&d=PTXT&s1=immortality&OS=immortality&RS=immortality","2009-11-24 22:45:27 UTC","United States Patent: 7195911","FireFox Analyzer",uspto.gov,jo-2009-11-24.E01,
places.sqlite,"http://patft.uspto.gov/netacgi/nph-Parser?Sect1=PTO2&Sect2=HITOFF&p=1&u=%2Fnetahtml%2FPTO%2Fsearch-bool.html&r=1303.8020468062759&f=G&l=50&co1=AND&d=PTXT&s1=cryogenics&OS=cryogenics&RS=cryogenics","2009-11-24 22:47:55 UTC","United States Patent: 4226795","FireFox Analyzer",uspto.gov,jo-2009-11-24.E01,
places.sqlite,"http://patft.uspto.gov/netacgi/nph-Parser?Sect1=PTO2&Sect2=HITOFF&p=1&u=%2Fnetahtml%2FPTO%2Fsearch-bool.html&r=757483.41960028699&f=G&l=50&co1=AND&d=PTXT&s1=time&OS=time&RS=time","2009-11-24 22:50:23 UTC","United States Patent: 6639414","FireFox Analyzer",uspto.gov,jo-2009-11-24.E01,
places.sqlite,"http://patft.uspto.gov/netacgi/nph-Parser?Sect1=PTO2&Sect2=HITOFF&p=1&u=%2Fnetahtml%2FPTO%2Fsearch-bool.html&r=1162.3718231468217&f=G&l=50&co1=AND&d=PTXT&s1=quantum&OS=quantum&RS=quantum","2009-11-24 22:53:05 UTC","United States Patent: 7577165","FireFox Analyzer",uspto.gov,jo-2009-11-24.E01,
places.sqlite,"http://patft.uspto.gov/netacgi/nph-Parser?Sect1=PTO2&Sect2=HITOFF&p=1&u=%2Fnetahtml%2FPTO%2Fsearch-bool.html&r=17345.045173584545&f=G&l=50&co1=AND&d=PTXT&s1=mortality&OS=mortality&RS=mortality","2009-11-24 22:54:15 UTC","United States Patent: 5760181","FireFox Analyzer",uspto.gov,jo-2009-11-24.E01,
places.sqlite,"http://patft.uspto.gov/netacgi/nph-Parser?Sect1=PTO2&Sect2=HITOFF&p=1&u=%2Fnetahtml%2FPTO%2Fsearch-bool.html&r=779.7927056447146&f=G&l=50&co1=AND&d=PTXT&s1=cryptography&OS=cryptography&RS=cryptography","2009-11-24 22:57:30 UTC","United States Patent: 7529374","FireFox Analyzer",uspto.gov,jo-2009-11-24.E01,
places.sqlite,"http://patft.uspto.gov/netacgi/nph-Parser?Sect1=PTO2&Sect2=HITOFF&p=1&u=%2Fnetahtml%2FPTO%2Fsearch-bool.html&r=20042.716293295209&f=G&l=50&co1=AND&d=PTXT&s1=machine&OS=machine&RS=machine","2009-11-24 23:00:02 UTC","United States Patent: 7533107","FireFox Analyzer",uspto.gov,jo-2009-11-24.E01,
places.sqlite,"http://patft.uspto.gov/netacgi/nph-Parser?Sect1=PTO2&Sect2=HITOFF&p=1&u=%2Fnetahtml%2FPTO%2Fsearch-bool.html&r=7590.039793564154&f=G&l=50&co1=AND&d=PTXT&s1=math&OS=math&RS=math","2009-11-24 23:03:08 UTC","United States Patent: 6410312","FireFox Analyzer",uspto.gov,jo-2009-11-24.E01,
places.sqlite,"http://patft.uspto.gov/netacgi/nph-Parser?Sect1=PTO2&Sect2=HITOFF&p=1&u=%2Fnetahtml%2FPTO%2Fsearch-bool.html&r=461.88771324934839&f=G&l=50&co1=AND&d=PTXT&s1=time+machine&OS=time+machine&RS=time+machine","2009-11-24 23:07:44 UTC","United States Patent: 7624012","FireFox Analyzer",uspto.gov,jo-2009-11-24.E01,
places.sqlite,"http://patft.uspto.gov/netacgi/nph-Parser?Sect1=PTO2&Sect2=HITOFF&p=1&u=%2Fnetahtml%2FPTO%2Fsearch-bool.html&r=391.06110150827033&f=G&l=50&co1=AND&d=PTXT&s1=immortality&OS=immortality&RS=immortality","2009-11-24 23:10:14 UTC","United States Patent: 5238840","FireFox Analyzer",uspto.gov,jo-2009-11-24.E01,
places.sqlite,"http://patft.uspto.gov/netacgi/nph-Parser?Sect1=PTO2&Sect2=HITOFF&p=1&u=%2Fnetahtml%2FPTO%2Fsearch-bool.html&r=332.37089811239088&f=G&l=50&co1=AND&d=PTXT&s1=cryogenics&OS=cryogenics&RS=cryogenics","2009-11-24 23:11:06 UTC","United States Patent: 6574852","FireFox Analyzer",uspto.gov,jo-2009-11-24.E01,
places.sqlite,"http://patft.uspto.gov/netacgi/nph-Parser?Sect1=PTO2&Sect2=HITOFF&p=1&u=%2Fnetahtml%2FPTO%2Fsearch-bool.html&r=2177796.4316434995&f=G&l=50&co1=AND&d=PTXT&s1=time&OS=time&RS=time","2009-11-24 23:11:59 UTC","United States Patent: 4660974","FireFox Analyzer",uspto.gov,jo-2009-11-24.E01,
places.sqlite,"http://patft.uspto.gov/netacgi/nph-Parser?Sect1=PTO2&Sect2=HITOFF&p=1&u=%2Fnetahtml%2FPTO%2Fsearch-bool.html&r=16749.540258881305&f=G&l=50&co1=AND&d=PTXT&s1=quantum&OS=quantum&RS=quantum","2009-11-24 23:13:15 UTC","United States Patent: 6897993","FireFox Analyzer",uspto.gov,jo-2009-11-24.E01,
places.sqlite,"http://patft.uspto.gov/netacgi/nph-Parser?Sect1=PTO2&Sect2=HITOFF&p=1&u=%2Fnetahtml%2FPTO%2Fsearch-bool.html&r=17181.979807207554&f=G&l=50&co1=AND&d=PTXT&s1=mortality&OS=mortality&RS=mortality","2009-11-24 23:13:43 UTC","United States Patent: 5777081","FireFox Analyzer",uspto.gov,jo-2009-11-24.E01,
places.sqlite,"http://patft.uspto.gov/netacgi/nph-Parser?Sect1=PTO2&Sect2=HITOFF&p=1&u=%2Fnetahtml%2FPTO%2Fsearch-bool.html&r=293631.92424894439&f=G&l=50&co1=AND&d=PTXT&s1=machine&OS=machine&RS=machine","2009-11-24 23:14:29 UTC","United States Patent: 6094604","FireFox Analyzer",uspto.gov,jo-2009-11-24.E01,
places.sqlite,"http://patft.uspto.gov/netacgi/nph-Parser?Sect1=PTO2&Sect2=HITOFF&p=1&u=%2Fnetahtml%2FPTO%2Fsearch-bool.html&r=4867.8198129687462&f=G&l=50&co1=AND&d=PTXT&s1=math&OS=math&RS=math","2009-11-24 23:15:54 UTC","United States Patent: 6946448","FireFox Analyzer",uspto.gov,jo-2009-11-24.E01,
places.sqlite,"http://patft.uspto.gov/netacgi/nph-Parser?Sect1=PTO2&Sect2=HITOFF&p=1&u=%2Fnetahtml%2FPTO%2Fsearch-bool.html&r=1547.4790714368035&f=G&l=50&co1=AND&d=PTXT&s1=time+machine&OS=time+machine&RS=time+machine","2009-11-24 23:21:11 UTC","United States Patent: 7622739","FireFox Analyzer",uspto.gov,jo-2009-11-24.E01,
places.sqlite,"http://patft.uspto.gov/netacgi/nph-Parser?Sect1=PTO2&Sect2=HITOFF&p=1&u=%2Fnetahtml%2FPTO%2Fsearch-bool.html&r=218.21641374082759&f=G&l=50&co1=AND&d=PTXT&s1=immortality&OS=immortality&RS=immortality","2009-11-24 23:23:09 UTC","United States Patent: 6436702","FireFox Analyzer",uspto.gov,jo-2009-11-24.E01,
places.sqlite,"http://patft.uspto.gov/netacgi/nph-Parser?Sect1=PTO2&Sect2=HITOFF&p=1&u=%2Fnetahtml%2FPTO%2Fsearch-bool.html&r=653.36753551392837&f=G&l=50&co1=AND&d=PTXT&s1=cryogenics&OS=cryogenics&RS=cryogenics","2009-11-24 23:25:32 UTC","United States Patent: 5747180","FireFox Analyzer",uspto.gov,jo-2009-11-24.E01,
places.sqlite,"http://patft.uspto.gov/netacgi/nph-Parser?Sect1=PTO2&Sect2=HITOFF&p=1&u=%2Fnetahtml%2FPTO%2Fsearch-bool.html&r=2380024.0639555557&f=G&l=50&co1=AND&d=PTXT&s1=time&OS=time&RS=time","2009-11-24 23:26:35 UTC","United States Patent: 4363563","FireFox Analyzer",uspto.gov,jo-2009-11-24.E01,
places.sqlite,"http://patft.uspto.gov/netacgi/nph-Parser?Sect1=PTO2&Sect2=HITOFF&p=1&u=%2Fnetahtml%2FPTO%2Fsearch-bool.html&r=24994.512262751541&f=G&l=50&co1=AND&d=PTXT&s1=quantum&OS=quantum&RS=quantum","2009-11-24 23:26:40 UTC","United States Patent: 6472081","FireFox Analyzer",uspto.gov,jo-2009-11-24.E01,
places.sqlite,"http://patft.uspto.gov/netacgi/nph-Parser?Sect1=PTO2&Sect2=HITOFF&p=1&u=%2Fnetahtml%2FPTO%2Fsearch-bool.html&r=2158.6957621039419&f=G&l=50&co1=AND&d=PTXT&s1=mortality&OS=mortality&RS=mortality","2009-11-24 23:30:20 UTC","United States Patent: 7405286","FireFox Analyzer",uspto.gov,jo-2009-11-24.E01,
places.sqlite,"http://patft.uspto.gov/netacgi/nph-Parser?Sect1=PTO2&Sect2=HITOFF&p=1&u=%2Fnetahtml%2FPTO%2Fsearch-bool.html&r=4939.2340124458742&f=G&l=50&co1=AND&d=PTXT&s1=cryptography&OS=cryptography&RS=cryptography","2009-11-24 23:33:52 UTC","United States Patent: 6910058","FireFox Analyzer",uspto.gov,jo-2009-11-24.E01,
places.sqlite,"http://patft.uspto.gov/netacgi/nph-Parser?Sect1=PTO2&Sect2=HITOFF&p=1&u=%2Fnetahtml%2FPTO%2Fsearch-bool.html&r=211965.38147903161&f=G&l=50&co1=AND&d=PTXT&s1=machine&OS=machine&RS=machine","2009-11-24 23:35:25 UTC","United States Patent: 6562771","FireFox Analyzer",uspto.gov,jo-2009-11-24.E01,
places.sqlite,"http://patft.uspto.gov/netacgi/nph-Parser?Sect1=PTO2&Sect2=HITOFF&p=1&u=%2Fnetahtml%2FPTO%2Fsearch-bool.html&r=9512.3553162242279&f=G&l=50&co1=AND&d=PTXT&s1=math&OS=math&RS=math","2009-11-24 23:40:12 UTC","United States Patent: 6005725","FireFox Analyzer",uspto.gov,jo-2009-11-24.E01,
places.sqlite,"http://patft.uspto.gov/netacgi/nph-Parser?Sect1=PTO2&Sect2=HITOFF&p=1&u=%2Fnetahtml%2FPTO%2Fsearch-bool.html&r=3791.7352381625055&f=G&l=50&co1=AND&d=PTXT&s1=time+machine&OS=time+machine&RS=time+machine","2009-11-24 23:43:08 UTC","United States Patent: 7620024","FireFox Analyzer",uspto.gov,jo-2009-11-24.E01,
places.sqlite,"http://patft.uspto.gov/netacgi/nph-Parser?Sect1=PTO2&Sect2=HITOFF&p=1&u=%2Fnetahtml%2FPTO%2Fsearch-bool.html&r=182.29632711913965&f=G&l=50&co1=AND&d=PTXT&s1=immortality&OS=immortality&RS=immortality","2009-11-24 23:45:52 UTC","United States Patent: 6608036","FireFox Analyzer",uspto.gov,jo-2009-11-24.E01,
places.sqlite,"http://patft.uspto.gov/netacgi/nph-Parser?Sect1=PTO2&Sect2=HITOFF&p=1&u=%2Fnetahtml%2FPTO%2Fsearch-bool.html&r=803.88313464198006&f=G&l=50&co1=AND&d=PTXT&s1=cryogenics&OS=cryogenics&RS=cryogenics","2009-11-24 23:48:38 UTC","United States Patent: 5437030","FireFox Analyzer",uspto.gov,jo-2009-11-24.E01,
places.sqlite,"http://patft.uspto.gov/netacgi/nph-Parser?Sect1=PTO2&Sect2=HITOFF&p=1&u=%2Fnetahtml%2FPTO%2Fsearch-bool.html&r=1191778.3831885874&f=G&l=50&co1=AND&d=PTXT&s1=time&OS=time&RS=time","2009-11-24 23:50:09 UTC","United States Patent: 6052701","FireFox Analyzer",uspto.gov,jo-2009-11-24.E01,
places.sqlite,"http://patft.uspto.gov/netacgi/nph-Parser?Sect1=PTO2&Sect2=HITOFF&p=1&u=%2Fnetahtml%2FPTO%2Fsearch-bool.html&r=3524.3216738990745&f=G&l=50&co1=AND&d=PTXT&s1=quantum&OS=quantum&RS=quantum","2009-11-24 23:54:11 UTC","United States Patent: 7482623","FireFox Analyzer",uspto.gov,jo-2009-11-24.E01,
places.sqlite,"http://patft.uspto.gov/netacgi/nph-Parser?Sect1=PTO2&Sect2=HITOFF&p=1&u=%2Fnetahtml%2FPTO%2Fsearch-bool.html&r=23936.276723047664&f=G&l=50&co1=AND&d=PTXT&s1=mortality&OS=mortality&RS=mortality","2009-11-24 23:56:56 UTC","United States Patent: 4582832","FireFox Analyzer",uspto.gov,jo-2009-11-24.E01,
places.sqlite,"http://patft.uspto.gov/netacgi/nph-Parser?Sect1=PTO2&Sect2=HITOFF&p=1&u=%2Fnetahtml%2FPTO%2Fsearch-bool.html&r=6041.6612397807075&f=G&l=50&co1=AND&d=PTXT&s1=cryptography&OS=cryptography&RS=cryptography","2009-11-25 00:00:04 UTC","United States Patent: 6539480","FireFox Analyzer",uspto.gov,jo-2009-11-24.E01,
places.sqlite,"http://patft.uspto.gov/netacgi/nph-Parser?Sect1=PTO2&Sect2=HITOFF&p=1&u=%2Fnetahtml%2FPTO%2Fsearch-bool.html&r=646428.57553203311&f=G&l=50&co1=AND&d=PTXT&s1=machine&OS=machine&RS=machine","2009-11-25 00:03:11 UTC","United States Patent: 3960554","FireFox Analyzer",uspto.gov,jo-2009-11-24.E01,
places.sqlite,"http://patft.uspto.gov/netacgi/nph-Parser?Sect1=PTO2&Sect2=HITOFF&p=1&u=%2Fnetahtml%2FPTO%2Fsearch-bool.html&r=646428.57553203311&f=G&l=50&co1=AND&d=PTXT&s1=machine&OS=machine&RS=machine","2009-11-25 00:07:57 UTC","United States Patent: 3960554","FireFox Analyzer",uspto.gov,jo-2009-11-24.E01,
places.sqlite,"http://patft.uspto.gov/netacgi/********************************************************","2009-11-25 00:10:51 UTC","Not Found","FireFox Analyzer",uspto.gov,jo-2009-11-24.E01,
places.sqlite,"http://patft.uspto.gov/netacgi/docCrawler%20will%20discover%20documents%20for%201%20minutes","2009-11-25 00:15:47 UTC","Not Found","FireFox Analyzer",uspto.gov,jo-2009-11-24.E01,
places.sqlite,"http://usms.nist.gov/resources/MNs/MNspreadsheetTagged.csv","2009-11-25 00:23:57 UTC",MNspreadsheetTagged.csv,"FireFox Analyzer",nist.gov,jo-2009-11-24.E01,
index.dat,,"2009-11-20 13:36:07 UTC",,"Internet Explorer Analyzer",,,
